,condition,stimulus,feature,value,midi,frequency,value_ortho
0,flute,stim_100_flute,centroid,2656.5570409532233,100,2637.020455302959,-20.908321467238693
1,flute,stim_101_flute,centroid,2813.659765497301,101,2793.8258514640315,-0.15024678448116902
2,flute,stim_102_flute,centroid,2981.022592404103,102,2959.955381693075,22.760455480912697
3,flute,stim_103_flute,centroid,3155.446364856879,103,3135.9634878539937,44.14253297432788
4,flute,stim_104_flute,centroid,3342.5017277825386,104,3322.4375806395615,69.05586819235077
5,flute,stim_105_flute,centroid,3546.081104031587,105,3520.0,100.85175004057646
6,flute,stim_106_flute,centroid,3756.3381032403668,106,3729.3100921447212,129.11047671160668
7,flute,stim_107_flute,centroid,3978.0140669650873,107,3951.0664100489917,157.965987445441
8,flute,stim_108_flute,centroid,4216.1096440280835,108,4186.009044809578,191.77541072694748
9,flute,stim_55_flute,centroid,389.7128599335522,55,195.99771799087466,-165.24652647789082
10,flute,stim_56_flute,centroid,509.1073394458706,56,207.65234878997256,-55.985923697299654
11,flute,stim_57_flute,centroid,527.4108371100904,57,220.0,-48.4188944331313
12,flute,stim_58_flute,centroid,574.9372184081371,58,233.0818807590449,-12.267405168693813
13,flute,stim_59_flute,centroid,582.4284781414146,59,246.94165062806212,-16.827423747346984
14,flute,stim_60_flute,centroid,587.6282743271504,60,261.6255653005986,-24.395512172954113
15,flute,stim_61_flute,centroid,675.2773350248849,61,277.1826309768721,49.72644598602449
16,flute,stim_62_flute,centroid,721.8920311727627,62,293.66476791740763,82.00967622047631
17,flute,stim_63_flute,centroid,864.9467851678644,63,311.1269837220809,209.88077099223517
18,flute,stim_64_flute,centroid,855.6211442817618,64,329.62755691286986,184.46860352167266
19,flute,stim_65_flute,centroid,914.1192752198197,65,349.22823143300394,225.92365322706564
20,flute,stim_66_flute,centroid,878.5968229291617,66,369.9944227116344,172.3446853562316
21,flute,stim_67_flute,centroid,983.3188852182229,67,391.9954359817492,257.9365357753727
22,flute,stim_68_flute,centroid,1064.2400758817626,68,415.3046975799452,318.58997297545784
23,flute,stim_69_flute,centroid,807.4819491537069,69,440.0,40.35890944729931
24,flute,stim_70_flute,centroid,828.967601587176,70,466.1637615180898,39.094777813549854
25,flute,stim_71_flute,centroid,796.019345103478,71,493.88330125612424,-17.95603529400944
26,flute,stim_72_flute,centroid,690.5688951977177,72,523.2511306011972,-148.94225442245568
27,flute,stim_73_flute,centroid,712.8796561249274,73,554.3652619537442,-153.6856985727577
28,flute,stim_74_flute,centroid,759.5383905658618,74,587.3295358348153,-135.68989595867515
29,flute,stim_75_flute,centroid,766.7942812919914,75,622.2539674441618,-158.80132367923125
30,flute,stim_76_flute,centroid,918.3989776105607,76,659.2551138257397,-39.369680529581615
31,flute,stim_77_flute,centroid,926.4420519873585,77,698.4564628660079,-65.41276861811389
32,flute,stim_78_flute,centroid,1001.696198209019,78,739.9888454232688,-26.271653556805404
33,flute,stim_79_flute,centroid,1612.41609242786,79,783.9908719634984,546.1878169221955
34,flute,stim_80_flute,centroid,1657.8753294529383,80,830.6093951598904,551.1115470203645
35,flute,stim_81_flute,centroid,1754.6569413216248,81,880.0,604.9472852888453
36,flute,stim_82_flute,centroid,966.7062214002183,82,932.3275230361796,-228.50300276699795
37,flute,stim_83_flute,centroid,1019.9653139360821,83,987.7666025122485,-223.44902347885682
38,flute,stim_84_flute,centroid,1081.9417650853024,84,1046.5022612023945,-212.54411077500845
39,flute,stim_85_flute,centroid,1112.923818215838,85,1108.7305239074883,-235.67046779949646
40,flute,stim_86_flute,centroid,1183.4418043882415,86,1174.6590716696305,-222.47834528079647
41,flute,stim_87_flute,centroid,1253.9216795806246,87,1244.5079348883237,-212.73310698178489
42,flute,stim_88_flute,centroid,1328.815463311675,88,1318.5102276514795,-202.1854295885737
43,flute,stim_89_flute,centroid,1405.317222260109,89,1396.9129257320158,-193.8559955707999
44,flute,stim_90_flute,centroid,1489.3139598048474,90,1479.9776908465376,-182.08532034676568
45,flute,stim_91_flute,centroid,1578.0736566535236,91,1567.9817439269968,-169.84647097776974
46,flute,stim_92_flute,centroid,1675.5241830630885,92,1661.2187903197807,-153.46695842202325
47,flute,stim_93_flute,centroid,1770.2036650616606,93,1760.0,-144.67922362386253
48,flute,stim_94_flute,centroid,1876.7598401863552,94,1864.6550460723593,-129.12218476804173
49,flute,stim_95_flute,centroid,1987.424123273502,95,1975.533205024497,-114.8681281763404
50,flute,stim_96_flute,centroid,2106.2362709972513,96,2093.004522404789,-98.19905734333497
51,flute,stim_97_flute,centroid,2232.47247582102,97,2217.4610478149766,-80.17967282961308
52,flute,stim_98_flute,centroid,2366.19737496619,98,2349.318143339261,-61.106500991850226
53,flute,stim_99_flute,centroid,2505.8325519284217,99,2489.0158697766474,-42.94059781636133
0,viola,stim_100_viola,centroid,4941.933953341981,100,2637.020455302959,35.55788904265228
1,viola,stim_101_viola,centroid,5064.759841253916,101,2793.8258514640315,-109.60950301002958
2,viola,stim_102_viola,centroid,5545.618509628869,102,2959.955381693075,87.32017570611606
3,viola,stim_103_viola,centroid,5612.706382059201,103,3135.9634878539937,-146.4042378257809
4,viola,stim_104_viola,centroid,6204.505859404564,104,3322.4375806395615,126.69572421274279
5,viola,stim_105_viola,centroid,6412.856505681459,105,3520.0,-2.604004168150823
6,viola,stim_106_viola,centroid,6864.628964385143,106,3729.3100921447212,91.44034378901324
7,viola,stim_107_viola,centroid,7227.3901230950905,107,3951.0664100489917,75.2017713481564
8,viola,stim_108_viola,centroid,7343.705302399725,108,4186.009044809578,-210.01927727358816
9,viola,stim_55_viola,centroid,302.38788242464614,55,195.99771799087466,-432.08016176742774
10,viola,stim_56_viola,centroid,469.8644432600647,56,207.65234878997256,-284.52232063868655
11,viola,stim_57_viola,centroid,520.3587686745325,57,220.0,-255.1311436403305
12,viola,stim_58_viola,centroid,526.7344595940659,58,233.0818807590449,-271.11345964245436
13,viola,stim_59_viola,centroid,558.8091544250481,59,246.94165062806212,-262.726248008398
14,viola,stim_60_viola,centroid,410.6431161451304,60,261.6255653005986,-435.9883005337141
15,viola,stim_61_viola,centroid,455.74387290931816,61,277.1826309768721,-417.4758446780413
16,viola,stim_62_viola,centroid,453.00786872133017,62,293.66476791740763,-448.3811724203208
17,viola,stim_63_viola,centroid,901.7189699686764,63,311.1269837220809,-29.514429871812013
18,viola,stim_64_viola,centroid,860.1366904216391,64,329.62755691286986,-102.7157060350886
19,viola,stim_65_viola,centroid,923.7635203737078,65,349.22823143300394,-72.58803607859704
20,viola,stim_66_viola,centroid,1262.4894016301246,66,369.9944227116344,230.64672147046895
21,viola,stim_67_viola,centroid,1370.6905792469374,67,391.9954359817492,301.24636334200295
22,viola,stim_68_viola,centroid,1392.189289772673,68,415.3046975799452,282.9076344543837
23,viola,stim_69_viola,centroid,1298.6637336745837,69,440.0,147.175781524071
24,viola,stim_70_viola,centroid,1393.2388400268762,70,466.1637615180898,197.03487403304894
25,viola,stim_71_viola,centroid,1427.368084906249,71,493.88330125612424,183.78915251857006
26,viola,stim_72_viola,centroid,1076.6739119586177,72,523.2511306011972,-217.09704891985803
27,viola,stim_73_viola,centroid,1021.4568909303696,73,554.3652619537442,-325.4906717651361
28,viola,stim_74_viola,centroid,1166.8437706953741,74,587.3295358348153,-236.44243910871455
29,viola,stim_75_viola,centroid,1241.8826111775907,75,622.2539674441618,-221.092316024173
30,viola,stim_76_viola,centroid,1839.4132283923248,76,659.2551138257397,313.2003079580827
31,viola,stim_77_viola,centroid,1942.0581686780893,77,698.4564628660079,348.8469282526928
32,viola,stim_78_viola,centroid,2061.009193133259,78,739.9888454232688,396.8157052931608
33,viola,stim_79_viola,centroid,2248.0019145010574,79,783.9908719634984,508.60535517040194
34,viola,stim_80_viola,centroid,2364.6489903461884,80,830.6093951598904,545.5775521888231
35,viola,stim_81_viola,centroid,2449.4095530865325,81,880.0,545.9255212647201
36,viola,stim_82_viola,centroid,2654.5602788454144,82,932.3275230361796,661.644219336973
37,viola,stim_83_viola,centroid,2928.3984430904798,83,987.7666025122485,840.7324507943354
38,viola,stim_84_viola,centroid,2304.8131359878016,84,1046.5022612023945,116.76308671006336
39,viola,stim_85_viola,centroid,2306.8208531284454,85,1108.7305239074883,12.417600216647315
40,viola,stim_86_viola,centroid,2458.1684703418505,86,1174.6590716696305,51.08792321288638
41,viola,stim_87_viola,centroid,2230.0630937021842,87,1244.5079348883237,-296.3948882221298
42,viola,stim_88_viola,centroid,2579.5010754431005,88,1318.5102276514795,-73.43289294617034
43,viola,stim_89_viola,centroid,2641.9355528135275,89,1396.9129257320158,-144.99505555805217
44,viola,stim_90_viola,centroid,2732.18574231346,90,1479.9776908465376,-196.70936088752296
45,viola,stim_91_viola,centroid,2823.1411445694494,91,1567.9817439269968,-256.1601016126483
46,viola,stim_92_viola,centroid,3224.0872868065253,92,1661.2187903197807,-14.56371702899196
47,viola,stim_93_viola,centroid,3221.434299250841,93,1760.0,-186.04189191357045
48,viola,stim_94_viola,centroid,3550.883118403269,94,1864.6550460723593,-35.45712813440059
49,viola,stim_95_viola,centroid,3767.6966576251434,95,1975.533205024497,-8.143454487932104
50,viola,stim_96_viola,centroid,3816.3199020734683,96,2093.004522404789,-160.28832400279498
51,viola,stim_97_viola,centroid,4137.372338929271,97,2217.4610478149766,-51.942294415111974
52,viola,stim_98_viola,centroid,4306.570388083307,98,2349.318143339261,-108.09883369540785
53,viola,stim_99_viola,centroid,4566.015273844404,99,2489.0158697766474,-87.40881752501082
0,harmoniccomplex,stim_100_harmonic,centroid,2930.0224277673738,100,2637.020455302959,0.006889210717872629
1,harmoniccomplex,stim_101_harmonic,centroid,3104.2577328859816,101,2793.8258514640315,0.014512299556827202
2,harmoniccomplex,stim_102_harmonic,centroid,3288.8426197781905,102,2959.955381693075,0.011600065461152553
3,harmoniccomplex,stim_103_harmonic,centroid,3484.405662860325,103,3135.9634878539937,0.010682304268812004
4,harmoniccomplex,stim_104_harmonic,centroid,3691.6010566928926,104,3322.4375806395615,0.01327703660399493
5,harmoniccomplex,stim_105_harmonic,centroid,3911.10548644982,105,3520.0,0.004582729836783983
6,harmoniccomplex,stim_106_harmonic,centroid,4143.673094957679,106,3729.3100921447212,0.006137564694654429
7,harmoniccomplex,stim_107_harmonic,centroid,4390.039485171523,107,3951.0664100489917,-0.022623088781983824
8,harmoniccomplex,stim_108_harmonic,centroid,4651.057104473457,108,4186.009044809578,-0.05157275987039611
9,harmoniccomplex,stim_55_harmonic,centroid,217.77523145253343,55,195.99771799087466,-0.0011640903307466033
10,harmoniccomplex,stim_56_harmonic,centroid,230.71510517156207,56,207.65234878997256,-0.01084031506655947
11,harmoniccomplex,stim_57_harmonic,centroid,244.44441482367742,57,220.0,-0.0011009169321596346
12,harmoniccomplex,stim_58_harmonic,centroid,258.976077353333,58,233.0818807590449,-0.004816741838908456
13,harmoniccomplex,stim_59_harmonic,centroid,274.3815796054016,59,246.94165062806212,0.000988581021772461
14,harmoniccomplex,stim_60_harmonic,centroid,290.68678393845835,60,261.6255653005986,-0.009217646735237395
15,harmoniccomplex,stim_61_harmonic,centroid,307.97163014981186,61,277.1826309768721,-0.009946793883841565
16,harmoniccomplex,stim_62_harmonic,centroid,326.28442095049695,62,293.66476791740763,-0.010585150298311419
17,harmoniccomplex,stim_63_harmonic,centroid,345.6883020944158,63,311.1269837220809,-0.00910632948972534
18,harmoniccomplex,stim_64_harmonic,centroid,366.24444102923877,64,329.62755691286986,-0.009096597913128335
19,harmoniccomplex,stim_65_harmonic,centroid,388.02723410701043,65,349.22823143300394,-0.004763773862578091
20,harmoniccomplex,stim_66_harmonic,centroid,411.1048753831016,66,369.9944227116344,-0.0005973885594698913
21,harmoniccomplex,stim_67_harmonic,centroid,435.55045445799817,67,391.9954359817492,-0.0005134190787430271
22,harmoniccomplex,stim_68_harmonic,centroid,461.4569690363874,68,415.3046975799452,0.006901271781430296
23,harmoniccomplex,stim_69_harmonic,centroid,488.888818411268,69,440.0,-0.00038986129982276907
24,harmoniccomplex,stim_70_harmonic,centroid,517.9499457619698,70,466.1637615180898,-0.010019219722607886
25,harmoniccomplex,stim_71_harmonic,centroid,548.7672961134759,71,493.88330125612424,0.007937273367588205
26,harmoniccomplex,stim_72_harmonic,centroid,581.3893236082265,72,523.2511306011972,-0.0008563535093344399
27,harmoniccomplex,stim_73_harmonic,centroid,615.9707213583673,73,554.3652619537442,0.009390679627244936
28,harmoniccomplex,stim_74_harmonic,centroid,652.5975840374937,74,587.3295358348153,0.009395044554480592
29,harmoniccomplex,stim_75_harmonic,centroid,691.3927114176703,75,622.2539674441618,-0.0002822214894422359
30,harmoniccomplex,stim_76_harmonic,centroid,732.5052463353079,76,659.2551138257397,-5.710344566978165e-06
31,harmoniccomplex,stim_77_harmonic,centroid,776.0639057952081,77,698.4564628660079,0.0017332421134597098
32,harmoniccomplex,stim_78_harmonic,centroid,822.2097846995266,78,739.9888454232688,0.0006623648557706474
33,harmoniccomplex,stim_79_harmonic,centroid,871.1009248219575,79,783.9908719634984,0.0008122764550080319
34,harmoniccomplex,stim_80_harmonic,centroid,922.893221908522,80,830.6093951598904,-0.005090412038612158
35,harmoniccomplex,stim_81_harmonic,centroid,977.7776372641002,81,880.0,0.0010439276159104338
36,harmoniccomplex,stim_82_harmonic,centroid,1035.9281728334408,82,932.3275230361796,0.010066078707268389
37,harmoniccomplex,stim_83_harmonic,centroid,1097.5192409191197,83,987.7666025122485,0.0023464475543732988
38,harmoniccomplex,stim_84_harmonic,centroid,1162.7802260832627,84,1046.5022612023945,0.0016893684423848754
39,harmoniccomplex,stim_85_harmonic,centroid,1231.9175733307566,85,1108.7305239074883,-0.0032648180722389952
40,harmoniccomplex,stim_86_harmonic,centroid,1305.167030274199,86,1174.6590716696305,-0.007524503027980245
41,harmoniccomplex,stim_87_harmonic,centroid,1382.7864161612265,87,1244.5079348883237,0.0022520915583754686
42,harmoniccomplex,stim_88_harmonic,centroid,1465.0112238681968,88,1318.5102276514795,0.00254298554318666
43,harmoniccomplex,stim_89_harmonic,centroid,1552.1318138888028,89,1396.9129257320158,0.00929199126471758
44,harmoniccomplex,stim_90_harmonic,centroid,1644.4200602338694,90,1479.9776908465376,0.003638773179091004
45,harmoniccomplex,stim_91_harmonic,centroid,1742.2021582413768,91,1567.9817439269968,0.003756359023100231
46,harmoniccomplex,stim_92_harmonic,centroid,1845.7911382106706,92,1661.2187903197807,-0.003663221799342864
47,harmoniccomplex,stim_93_harmonic,centroid,1955.5552656793498,93,1760.0,0.0039022150324399263
48,harmoniccomplex,stim_94_harmonic,centroid,2071.8293291378804,94,1864.6550460723593,-0.005061162935362518
49,harmoniccomplex,stim_95_harmonic,centroid,2195.0367750093346,95,1975.533205024497,0.004809274855233525
50,harmoniccomplex,stim_96_harmonic,centroid,2325.560289267752,96,2093.004522404789,0.005039046762703947
51,harmoniccomplex,stim_97_harmonic,centroid,2463.8473538043527,97,2217.4610478149766,0.0075007153463957366
52,harmoniccomplex,stim_98_harmonic,centroid,2610.3596658877213,98,2349.318143339261,0.012379541918562609
53,harmoniccomplex,stim_99_harmonic,centroid,2765.572846665857,99,2489.0158697766474,0.006341735172100016
0,viola_complex,stim_100_viola_complex,centroid,4655.6101921939735,100,2637.020455302959,323.8113686494471
1,viola_complex,stim_101_viola_complex,centroid,4558.54836693846,101,2793.8258514640315,-9.967713187352274
2,viola_complex,stim_102_viola_complex,centroid,4672.847538486734,102,2959.955381693075,-146.46173878492937
3,viola_complex,stim_103_viola_complex,centroid,4969.186199959506,103,3135.9634878539937,-115.82921400456144
4,viola_complex,stim_104_viola_complex,centroid,6051.010560765026,104,3322.4375806395615,684.4893010305677
5,viola_complex,stim_105_viola_complex,centroid,5505.969147623831,105,3520.0,-158.797166550753
6,viola_complex,stim_106_viola_complex,centroid,5610.202292314471,106,3729.3100921447212,-370.5436501146087
7,viola_complex,stim_107_viola_complex,centroid,6010.885245143758,107,3951.0664100489917,-304.6294519903231
8,viola_complex,stim_108_viola_complex,centroid,6223.071694077776,108,4186.009044809578,-447.1181438108797
9,viola_complex,stim_55_viola_complex,centroid,214.42209900737558,55,195.99771799087466,-432.34916951919536
10,viola_complex,stim_56_viola_complex,centroid,383.579616215552,56,207.65234878997256,-280.7857676716681
11,viola_complex,stim_57_viola_complex,centroid,519.4698296712176,57,220.0,-163.53587011851062
12,viola_complex,stim_58_viola_complex,centroid,402.71119021377393,58,233.0818807590449,-300.04323634186
13,viola_complex,stim_59_viola_complex,centroid,448.80416625413056,59,246.94165062806212,-274.87330747056626
14,viola_complex,stim_60_viola_complex,centroid,323.37469197701125,60,261.6255653005986,-422.46997804484636
15,viola_complex,stim_61_viola_complex,centroid,352.2090204384228,61,277.1826309768721,-417.12097596569464
16,viola_complex,stim_62_viola_complex,centroid,346.9122462171818,62,293.66476791740763,-447.2995867479228
17,viola_complex,stim_63_viola_complex,centroid,606.0796172210752,63,311.1269837220809,-214.4936033002749
18,viola_complex,stim_64_viola_complex,centroid,508.140517507678,64,329.62755691286986,-340.3616202456166
19,viola_complex,stim_65_viola_complex,centroid,524.1974261581503,65,349.22823143300394,-353.8943686678051
20,viola_complex,stim_66_viola_complex,centroid,1015.1510986252769,66,369.9944227116344,105.71015415609008
21,viola_complex,stim_67_viola_complex,centroid,1058.242034546265,67,391.9954359817492,115.58782299052768
22,viola_complex,stim_68_viola_complex,centroid,907.7778991825373,68,415.3046975799452,-70.06454309449873
23,viola_complex,stim_69_viola_complex,centroid,1234.7136736136374,69,440.0,219.59059953158555
24,viola_complex,stim_70_viola_complex,centroid,1326.65548486747,70,466.1637615180898,272.03495725360654
25,viola_complex,stim_71_viola_complex,centroid,1557.9508767151856,71,493.88330125612424,461.4842547631963
26,viola_complex,stim_72_viola_complex,centroid,979.6859636980063,72,523.2511306011972,-161.11505084830458
27,viola_complex,stim_73_viola_complex,centroid,957.4023331643237,73,554.3652619537442,-230.36933414650673
28,viola_complex,stim_74_viola_complex,centroid,1200.2641766686197,74,587.3295358348153,-37.271163764185076
29,viola_complex,stim_75_viola_complex,centroid,1101.0604610647613,75,622.2539674441618,-189.19765448053454
30,viola_complex,stim_76_viola_complex,centroid,1658.391049537752,76,659.2551138257397,312.2750995285671
31,viola_complex,stim_77_viola_complex,centroid,1896.9620551565058,77,698.4564628660079,491.6667910019994
32,viola_complex,stim_78_viola_complex,centroid,1946.930802693785,78,739.9888454232688,478.93723925281574
33,viola_complex,stim_79_viola_complex,centroid,2124.974140918219,79,783.9908719634984,590.5540433041488
34,viola_complex,stim_80_viola_complex,centroid,2215.613888093526,80,830.6093951598904,610.8173290368582
35,viola_complex,stim_81_viola_complex,centroid,2011.9799928771372,81,880.0,332.62217021043784
36,viola_complex,stim_82_viola_complex,centroid,2295.9028881241593,82,932.3275230361796,537.5501583938369
37,viola_complex,stim_83_viola_complex,centroid,2471.843129628609,83,987.7666025122485,629.7982112220348
38,viola_complex,stim_84_viola_complex,centroid,1740.8777504723453,84,1046.5022612023945,-189.83595312287184
39,viola_complex,stim_85_viola_complex,centroid,1869.0041551760426,85,1108.7305239074883,-155.65085394821403
40,viola_complex,stim_86_viola_complex,centroid,2034.5137778788717,86,1174.6590716696305,-89.66857748933353
41,viola_complex,stim_87_viola_complex,centroid,1757.3381382288933,87,1244.5079348883237,-472.289767364294
42,viola_complex,stim_88_viola_complex,centroid,2505.752831466183,88,1318.5102276514795,164.40925694521775
43,viola_complex,stim_89_viola_complex,centroid,2500.9890350095434,89,1396.9129257320158,41.28683219793493
44,viola_complex,stim_90_viola_complex,centroid,2452.2554498516893,90,1479.9776908465376,-132.84335153284474
45,viola_complex,stim_91_viola_complex,centroid,2498.646582957121,91,1567.9817439269968,-219.30528677361463
46,viola_complex,stim_92_viola_complex,centroid,2766.665501757238,92,1661.2187903197807,-92.03929085869322
47,viola_complex,stim_93_viola_complex,centroid,3100.1097379675048,93,1760.0,92.28241813151044
48,viola_complex,stim_94_viola_complex,centroid,3430.996500608688,94,1864.6550460723593,265.1793666454478
49,viola_complex,stim_95_viola_complex,centroid,3575.1962177357327,95,1975.533205024497,241.9947064199887
50,viola_complex,stim_96_viola_complex,centroid,3622.2409568318785,96,2093.004522404789,111.70187513884866
51,viola_complex,stim_97_viola_complex,centroid,3905.3417747347157,97,2217.4610478149766,206.9200819836069
52,viola_complex,stim_98_viola_complex,centroid,3713.124201295626,98,2349.318143339261,-184.35218394338017
53,viola_complex,stim_99_viola_complex,centroid,4242.241021805358,99,2489.0158697766474,133.8735361163881
0,flute,stim_100_flute,flatness,1.3103767341343227e-05,100,2637.020455302959,
1,flute,stim_101_flute,flatness,1.1432873063177358e-05,101,2793.8258514640315,
2,flute,stim_102_flute,flatness,1.3700236814264058e-05,102,2959.955381693075,
3,flute,stim_103_flute,flatness,1.1418795129850303e-05,103,3135.9634878539937,
4,flute,stim_104_flute,flatness,1.2499273150097898e-05,104,3322.4375806395615,
5,flute,stim_105_flute,flatness,1.7093728564451882e-05,105,3520.0,
6,flute,stim_106_flute,flatness,2.0701059341572245e-05,106,3729.3100921447212,
7,flute,stim_107_flute,flatness,1.596278349350214e-05,107,3951.0664100489917,
8,flute,stim_108_flute,flatness,1.6799133842767195e-05,108,4186.009044809578,
9,flute,stim_55_flute,flatness,2.339636584711513e-05,55,195.99771799087466,
10,flute,stim_56_flute,flatness,4.893484449894719e-05,56,207.65234878997256,
11,flute,stim_57_flute,flatness,5.036061445148771e-05,57,220.0,
12,flute,stim_58_flute,flatness,6.210154462382162e-05,58,233.0818807590449,
13,flute,stim_59_flute,flatness,6.5597490557059e-05,59,246.94165062806212,
14,flute,stim_60_flute,flatness,6.752487776672482e-05,60,261.6255653005986,
15,flute,stim_61_flute,flatness,9.185138364857244e-05,61,277.1826309768721,
16,flute,stim_62_flute,flatness,0.00010360020949901121,62,293.66476791740763,
17,flute,stim_63_flute,flatness,0.0001573876907858891,63,311.1269837220809,
18,flute,stim_64_flute,flatness,0.00017650966680011413,64,329.62755691286986,
19,flute,stim_65_flute,flatness,0.00018346726838914086,65,349.22823143300394,
20,flute,stim_66_flute,flatness,7.340337837541401e-05,66,369.9944227116344,
21,flute,stim_67_flute,flatness,8.426538747397622e-05,67,391.9954359817492,
22,flute,stim_68_flute,flatness,9.696907990516964e-05,68,415.3046975799452,
23,flute,stim_69_flute,flatness,5.2063037097777235e-05,69,440.0,
24,flute,stim_70_flute,flatness,5.877120617946362e-05,70,466.1637615180898,
25,flute,stim_71_flute,flatness,4.856084204430426e-05,71,493.88330125612424,
26,flute,stim_72_flute,flatness,3.476913291417994e-05,72,523.2511306011972,
27,flute,stim_73_flute,flatness,3.61692145390891e-05,73,554.3652619537442,
28,flute,stim_74_flute,flatness,4.791644060357661e-05,74,587.3295358348153,
29,flute,stim_75_flute,flatness,5.4279297579790494e-05,75,622.2539674441618,
30,flute,stim_76_flute,flatness,9.663152703725851e-05,76,659.2551138257397,
31,flute,stim_77_flute,flatness,9.467760974120521e-05,77,698.4564628660079,
32,flute,stim_78_flute,flatness,0.00011274909273552632,78,739.9888454232688,
33,flute,stim_79_flute,flatness,0.00012477194104572082,79,783.9908719634984,
34,flute,stim_80_flute,flatness,0.00011720105541048292,80,830.6093951598904,
35,flute,stim_81_flute,flatness,0.00013082633703339204,81,880.0,
36,flute,stim_82_flute,flatness,4.014089395665075e-05,82,932.3275230361796,
37,flute,stim_83_flute,flatness,3.511391122320719e-05,83,987.7666025122485,
38,flute,stim_84_flute,flatness,4.261371984775239e-05,84,1046.5022612023945,
39,flute,stim_85_flute,flatness,4.6672472842734815e-06,85,1108.7305239074883,
40,flute,stim_86_flute,flatness,8.803842000091942e-06,86,1174.6590716696305,
41,flute,stim_87_flute,flatness,7.71005823715548e-06,87,1244.5079348883237,
42,flute,stim_88_flute,flatness,8.777839128111923e-06,88,1318.5102276514795,
43,flute,stim_89_flute,flatness,9.896024933178226e-06,89,1396.9129257320158,
44,flute,stim_90_flute,flatness,1.0625226866785816e-05,90,1479.9776908465376,
45,flute,stim_91_flute,flatness,1.0687048506060077e-05,91,1567.9817439269968,
46,flute,stim_92_flute,flatness,1.2760004467109323e-05,92,1661.2187903197807,
47,flute,stim_93_flute,flatness,9.276939970454202e-06,93,1760.0,
48,flute,stim_94_flute,flatness,1.1945035038898234e-05,94,1864.6550460723593,
49,flute,stim_95_flute,flatness,9.575709953616145e-06,95,1975.533205024497,
50,flute,stim_96_flute,flatness,1.0008749851098077e-05,96,2093.004522404789,
51,flute,stim_97_flute,flatness,1.1554923197008987e-05,97,2217.4610478149766,
52,flute,stim_98_flute,flatness,1.190768908721462e-05,98,2349.318143339261,
53,flute,stim_99_flute,flatness,1.0960899838521007e-05,99,2489.0158697766474,
0,viola,stim_100_viola,flatness,0.0015734479636755516,100,2637.020455302959,
1,viola,stim_101_viola,flatness,0.0014994917358992672,101,2793.8258514640315,
2,viola,stim_102_viola,flatness,0.0015438917776721692,102,2959.955381693075,
3,viola,stim_103_viola,flatness,0.0015280563499545383,103,3135.9634878539937,
4,viola,stim_104_viola,flatness,0.002327066672765299,104,3322.4375806395615,
5,viola,stim_105_viola,flatness,0.002546042633178972,105,3520.0,
6,viola,stim_106_viola,flatness,0.0021147839275233154,106,3729.3100921447212,
7,viola,stim_107_viola,flatness,0.00264523614376465,107,3951.0664100489917,
8,viola,stim_108_viola,flatness,0.003215029507871085,108,4186.009044809578,
9,viola,stim_55_viola,flatness,9.020149294896722e-06,55,195.99771799087466,
10,viola,stim_56_viola,flatness,1.5688114096040815e-05,56,207.65234878997256,
11,viola,stim_57_viola,flatness,1.955888890869799e-05,57,220.0,
12,viola,stim_58_viola,flatness,2.699064030878488e-05,58,233.0818807590449,
13,viola,stim_59_viola,flatness,2.549120283975729e-05,59,246.94165062806212,
14,viola,stim_60_viola,flatness,1.0651042304998407e-05,60,261.6255653005986,
15,viola,stim_61_viola,flatness,1.3344638370470918e-05,61,277.1826309768721,
16,viola,stim_62_viola,flatness,1.6338474085914787e-05,62,293.66476791740763,
17,viola,stim_63_viola,flatness,6.355378949085921e-05,63,311.1269837220809,
18,viola,stim_64_viola,flatness,7.261694663518965e-05,64,329.62755691286986,
19,viola,stim_65_viola,flatness,8.88677308238981e-05,65,349.22823143300394,
20,viola,stim_66_viola,flatness,8.203131896878795e-05,66,369.9944227116344,
21,viola,stim_67_viola,flatness,0.00011525371239323173,67,391.9954359817492,
22,viola,stim_68_viola,flatness,0.00014400024073392428,68,415.3046975799452,
23,viola,stim_69_viola,flatness,0.00014655004490147057,69,440.0,
24,viola,stim_70_viola,flatness,0.00018511839188792485,70,466.1637615180898,
25,viola,stim_71_viola,flatness,0.00019632654495449177,71,493.88330125612424,
26,viola,stim_72_viola,flatness,9.058703850550948e-05,72,523.2511306011972,
27,viola,stim_73_viola,flatness,9.917059460260439e-05,73,554.3652619537442,
28,viola,stim_74_viola,flatness,0.00012554454938522463,74,587.3295358348153,
29,viola,stim_75_viola,flatness,0.00014658358674289167,75,622.2539674441618,
30,viola,stim_76_viola,flatness,0.00021748283626407306,76,659.2551138257397,
31,viola,stim_77_viola,flatness,0.00023086282735947837,77,698.4564628660079,
32,viola,stim_78_viola,flatness,0.00024540633372447637,78,739.9888454232688,
33,viola,stim_79_viola,flatness,0.0002783487006756425,79,783.9908719634984,
34,viola,stim_80_viola,flatness,0.0003329133517457367,80,830.6093951598904,
35,viola,stim_81_viola,flatness,0.0004506489608554425,81,880.0,
36,viola,stim_82_viola,flatness,0.0005558316162970434,82,932.3275230361796,
37,viola,stim_83_viola,flatness,0.0007052161091223778,83,987.7666025122485,
38,viola,stim_84_viola,flatness,0.0003258808898956217,84,1046.5022612023945,
39,viola,stim_85_viola,flatness,0.0003434655692402379,85,1108.7305239074883,
40,viola,stim_86_viola,flatness,0.0003586085071671588,86,1174.6590716696305,
41,viola,stim_87_viola,flatness,0.0003974745903781923,87,1244.5079348883237,
42,viola,stim_88_viola,flatness,0.0005838305168006428,88,1318.5102276514795,
43,viola,stim_89_viola,flatness,0.0004709900846203627,89,1396.9129257320158,
44,viola,stim_90_viola,flatness,0.0005868779069314777,90,1479.9776908465376,
45,viola,stim_91_viola,flatness,0.0006485270786350936,91,1567.9817439269968,
46,viola,stim_92_viola,flatness,0.0008804916323957262,92,1661.2187903197807,
47,viola,stim_93_viola,flatness,0.0007967380743504411,93,1760.0,
48,viola,stim_94_viola,flatness,0.0010042963439661475,94,1864.6550460723593,
49,viola,stim_95_viola,flatness,0.001129556912911083,95,1975.533205024497,
50,viola,stim_96_viola,flatness,0.001005967532357673,96,2093.004522404789,
51,viola,stim_97_viola,flatness,0.0011699957718469922,97,2217.4610478149766,
52,viola,stim_98_viola,flatness,0.0013318827942877987,98,2349.318143339261,
53,viola,stim_99_viola,flatness,0.0014533178359822548,99,2489.0158697766474,
0,harmoniccomplex,stim_100_harmonic,flatness,1.8010202987534313e-10,100,2637.020455302959,
1,harmoniccomplex,stim_101_harmonic,flatness,1.783080763373362e-10,101,2793.8258514640315,
2,harmoniccomplex,stim_102_harmonic,flatness,1.8118897893532115e-10,102,2959.955381693075,
3,harmoniccomplex,stim_103_harmonic,flatness,1.620453727360275e-10,103,3135.9634878539937,
4,harmoniccomplex,stim_104_harmonic,flatness,1.810306624740787e-10,104,3322.4375806395615,
5,harmoniccomplex,stim_105_harmonic,flatness,6.345176397844796e-11,105,3520.0,
6,harmoniccomplex,stim_106_harmonic,flatness,1.7276350111513944e-10,106,3729.3100921447212,
7,harmoniccomplex,stim_107_harmonic,flatness,1.7569652898105103e-10,107,3951.0664100489917,
8,harmoniccomplex,stim_108_harmonic,flatness,1.7893522276431015e-10,108,4186.009044809578,
9,harmoniccomplex,stim_55_harmonic,flatness,1.54329886542554e-10,55,195.99771799087466,
10,harmoniccomplex,stim_56_harmonic,flatness,1.4901506443528967e-10,56,207.65234878997256,
11,harmoniccomplex,stim_57_harmonic,flatness,5.1885126040381573e-11,57,220.0,
12,harmoniccomplex,stim_58_harmonic,flatness,1.591944256094439e-10,58,233.0818807590449,
13,harmoniccomplex,stim_59_harmonic,flatness,1.6001790359268209e-10,59,246.94165062806212,
14,harmoniccomplex,stim_60_harmonic,flatness,1.6183312731228033e-10,60,261.6255653005986,
15,harmoniccomplex,stim_61_harmonic,flatness,1.4842043852161808e-10,61,277.1826309768721,
16,harmoniccomplex,stim_62_harmonic,flatness,1.5825818640867647e-10,62,293.66476791740763,
17,harmoniccomplex,stim_63_harmonic,flatness,1.653877487574078e-10,63,311.1269837220809,
18,harmoniccomplex,stim_64_harmonic,flatness,1.6331363556607693e-10,64,329.62755691286986,
19,harmoniccomplex,stim_65_harmonic,flatness,1.6661483263127814e-10,65,349.22823143300394,
20,harmoniccomplex,stim_66_harmonic,flatness,1.7035597771513809e-10,66,369.9944227116344,
21,harmoniccomplex,stim_67_harmonic,flatness,1.7357860292153573e-10,67,391.9954359817492,
22,harmoniccomplex,stim_68_harmonic,flatness,1.7066925024124602e-10,68,415.3046975799452,
23,harmoniccomplex,stim_69_harmonic,flatness,5.961416420353339e-11,69,440.0,
24,harmoniccomplex,stim_70_harmonic,flatness,1.72927915053251e-10,70,466.1637615180898,
25,harmoniccomplex,stim_71_harmonic,flatness,1.7185214315348735e-10,71,493.88330125612424,
26,harmoniccomplex,stim_72_harmonic,flatness,1.7102457679423375e-10,72,523.2511306011972,
27,harmoniccomplex,stim_73_harmonic,flatness,1.6220328752590314e-10,73,554.3652619537442,
28,harmoniccomplex,stim_74_harmonic,flatness,1.762663757542812e-10,74,587.3295358348153,
29,harmoniccomplex,stim_75_harmonic,flatness,1.7244932537770558e-10,75,622.2539674441618,
30,harmoniccomplex,stim_76_harmonic,flatness,1.7529445035807428e-10,76,659.2551138257397,
31,harmoniccomplex,stim_77_harmonic,flatness,1.7695753112664513e-10,77,698.4564628660079,
32,harmoniccomplex,stim_78_harmonic,flatness,1.7976799150234172e-10,78,739.9888454232688,
33,harmoniccomplex,stim_79_harmonic,flatness,1.7954387996706627e-10,79,783.9908719634984,
34,harmoniccomplex,stim_80_harmonic,flatness,1.7915365112875843e-10,80,830.6093951598904,
35,harmoniccomplex,stim_81_harmonic,flatness,6.218952749113756e-11,81,880.0,
36,harmoniccomplex,stim_82_harmonic,flatness,1.775646601664496e-10,82,932.3275230361796,
37,harmoniccomplex,stim_83_harmonic,flatness,1.8126694407827533e-10,83,987.7666025122485,
38,harmoniccomplex,stim_84_harmonic,flatness,1.787559609739547e-10,84,1046.5022612023945,
39,harmoniccomplex,stim_85_harmonic,flatness,1.7161581997278913e-10,85,1108.7305239074883,
40,harmoniccomplex,stim_86_harmonic,flatness,1.7888548586733314e-10,86,1174.6590716696305,
41,harmoniccomplex,stim_87_harmonic,flatness,1.787167386124396e-10,87,1244.5079348883237,
42,harmoniccomplex,stim_88_harmonic,flatness,1.797861695797415e-10,88,1318.5102276514795,
43,harmoniccomplex,stim_89_harmonic,flatness,1.760832538747817e-10,89,1396.9129257320158,
44,harmoniccomplex,stim_90_harmonic,flatness,1.779712461721812e-10,90,1479.9776908465376,
45,harmoniccomplex,stim_91_harmonic,flatness,1.8101838015573105e-10,91,1567.9817439269968,
46,harmoniccomplex,stim_92_harmonic,flatness,1.789191293660109e-10,92,1661.2187903197807,
47,harmoniccomplex,stim_93_harmonic,flatness,6.456181283083928e-11,93,1760.0,
48,harmoniccomplex,stim_94_harmonic,flatness,1.8088007982459358e-10,94,1864.6550460723593,
49,harmoniccomplex,stim_95_harmonic,flatness,1.7882504665594462e-10,95,1975.533205024497,
50,harmoniccomplex,stim_96_harmonic,flatness,1.7894889453763745e-10,96,2093.004522404789,
51,harmoniccomplex,stim_97_harmonic,flatness,1.77815596234122e-10,97,2217.4610478149766,
52,harmoniccomplex,stim_98_harmonic,flatness,1.764159105475277e-10,98,2349.318143339261,
53,harmoniccomplex,stim_99_harmonic,flatness,1.8089762373291702e-10,99,2489.0158697766474,
0,viola_complex,stim_100_viola_complex,flatness,3.331057186491843e-10,100,2637.020455302959,
1,viola_complex,stim_101_viola_complex,flatness,3.1252682793634314e-10,101,2793.8258514640315,
2,viola_complex,stim_102_viola_complex,flatness,2.891696645082917e-10,102,2959.955381693075,
3,viola_complex,stim_103_viola_complex,flatness,3.202822108206366e-10,103,3135.9634878539937,
4,viola_complex,stim_104_viola_complex,flatness,3.599550836499051e-10,104,3322.4375806395615,
5,viola_complex,stim_105_viola_complex,flatness,2.9126405818559145e-10,105,3520.0,
6,viola_complex,stim_106_viola_complex,flatness,2.0492858346433112e-10,106,3729.3100921447212,
7,viola_complex,stim_107_viola_complex,flatness,2.0289877417175242e-10,107,3951.0664100489917,
8,viola_complex,stim_108_viola_complex,flatness,2.0297732868977099e-10,108,4186.009044809578,
9,viola_complex,stim_55_viola_complex,flatness,1.8405343101445369e-10,55,195.99771799087466,
10,viola_complex,stim_56_viola_complex,flatness,3.0484842716767917e-10,56,207.65234878997256,
11,viola_complex,stim_57_viola_complex,flatness,2.995467632813932e-10,57,220.0,
12,viola_complex,stim_58_viola_complex,flatness,5.526279901334338e-10,58,233.0818807590449,
13,viola_complex,stim_59_viola_complex,flatness,4.946188127070057e-10,59,246.94165062806212,
14,viola_complex,stim_60_viola_complex,flatness,2.757949371492789e-10,60,261.6255653005986,
15,viola_complex,stim_61_viola_complex,flatness,2.995408800912238e-10,61,277.1826309768721,
16,viola_complex,stim_62_viola_complex,flatness,2.6242193007895933e-10,62,293.66476791740763,
17,viola_complex,stim_63_viola_complex,flatness,4.3251577743209016e-10,63,311.1269837220809,
18,viola_complex,stim_64_viola_complex,flatness,2.9785158791705366e-10,64,329.62755691286986,
19,viola_complex,stim_65_viola_complex,flatness,3.522713982707184e-10,65,349.22823143300394,
20,viola_complex,stim_66_viola_complex,flatness,7.295514084403467e-10,66,369.9944227116344,
21,viola_complex,stim_67_viola_complex,flatness,5.799320049809432e-10,67,391.9954359817492,
22,viola_complex,stim_68_viola_complex,flatness,5.416005777636175e-10,68,415.3046975799452,
23,viola_complex,stim_69_viola_complex,flatness,7.086007131396848e-10,69,440.0,
24,viola_complex,stim_70_viola_complex,flatness,5.928984643804255e-10,70,466.1637615180898,
25,viola_complex,stim_71_viola_complex,flatness,6.549844601577977e-10,71,493.88330125612424,
26,viola_complex,stim_72_viola_complex,flatness,4.560655451836492e-10,72,523.2511306011972,
27,viola_complex,stim_73_viola_complex,flatness,4.471148025364261e-10,73,554.3652619537442,
28,viola_complex,stim_74_viola_complex,flatness,4.857212405161544e-10,74,587.3295358348153,
29,viola_complex,stim_75_viola_complex,flatness,4.487565581440246e-10,75,622.2539674441618,
30,viola_complex,stim_76_viola_complex,flatness,5.904864536063932e-10,76,659.2551138257397,
31,viola_complex,stim_77_viola_complex,flatness,5.739294306860739e-10,77,698.4564628660079,
32,viola_complex,stim_78_viola_complex,flatness,5.54837905229425e-10,78,739.9888454232688,
33,viola_complex,stim_79_viola_complex,flatness,5.244967657789752e-10,79,783.9908719634984,
34,viola_complex,stim_80_viola_complex,flatness,6.115463870793653e-10,80,830.6093951598904,
35,viola_complex,stim_81_viola_complex,flatness,3.40291569037419e-10,81,880.0,
36,viola_complex,stim_82_viola_complex,flatness,4.878132224719686e-10,82,932.3275230361796,
37,viola_complex,stim_83_viola_complex,flatness,4.3435239481930226e-10,83,987.7666025122485,
38,viola_complex,stim_84_viola_complex,flatness,3.9454749888230593e-10,84,1046.5022612023945,
39,viola_complex,stim_85_viola_complex,flatness,3.991775626137352e-10,85,1108.7305239074883,
40,viola_complex,stim_86_viola_complex,flatness,3.916678256204152e-10,86,1174.6590716696305,
41,viola_complex,stim_87_viola_complex,flatness,3.1000362083114266e-10,87,1244.5079348883237,
42,viola_complex,stim_88_viola_complex,flatness,3.7534498719945055e-10,88,1318.5102276514795,
43,viola_complex,stim_89_viola_complex,flatness,3.801173913387572e-10,89,1396.9129257320158,
44,viola_complex,stim_90_viola_complex,flatness,3.852088359021183e-10,90,1479.9776908465376,
45,viola_complex,stim_91_viola_complex,flatness,3.623643256575961e-10,91,1567.9817439269968,
46,viola_complex,stim_92_viola_complex,flatness,3.74252873360864e-10,92,1661.2187903197807,
47,viola_complex,stim_93_viola_complex,flatness,3.6761462047575493e-10,93,1760.0,
48,viola_complex,stim_94_viola_complex,flatness,3.629592811805968e-10,94,1864.6550460723593,
49,viola_complex,stim_95_viola_complex,flatness,3.6508512270832954e-10,95,1975.533205024497,
50,viola_complex,stim_96_viola_complex,flatness,3.6598103151775814e-10,96,2093.004522404789,
51,viola_complex,stim_97_viola_complex,flatness,3.2115245804905453e-10,97,2217.4610478149766,
52,viola_complex,stim_98_viola_complex,flatness,3.290903711617715e-10,98,2349.318143339261,
53,viola_complex,stim_99_viola_complex,flatness,3.380778196487921e-10,99,2489.0158697766474,
0,flute,stim_100_flute,rolloff,2647.9848608837974,100,2637.020455302959,-36.723469046533864
1,flute,stim_101_flute,rolloff,2805.39747013034,101,2793.8258514640315,5.051785788865345
2,flute,stim_102_flute,rolloff,2969.4547996272136,102,2959.955381693075,46.595605957787484
3,flute,stim_103_flute,rolloff,3148.930801955105,103,3135.9634878539937,96.27306659227133
4,flute,stim_104_flute,rolloff,3333.91468903437,104,3322.4375806395615,143.74018904571358
5,flute,stim_105_flute,rolloff,3534.2735306206328,105,3520.0,198.40509365522394
6,flute,stim_106_flute,rolloff,3741.9436775887034,106,3729.3100921447212,251.71789132451477
7,flute,stim_107_flute,rolloff,3967.8124504989705,107,3951.0664100489917,314.050749309602
8,flute,stim_108_flute,rolloff,4197.184986595174,108,4186.009044809578,370.1630189402931
9,flute,stim_55_flute,rolloff,493.0639570447903,55,195.99771799087466,-391.4932409036927
10,flute,stim_56_flute,rolloff,731.4796442011632,56,207.65234878997256,-161.67235153643378
11,flute,stim_57_flute,rolloff,881.7408110674081,57,220.0,-20.517055731235928
12,flute,stim_58_flute,rolloff,936.5029177357462,58,233.0818807590449,24.597716605928667
13,flute,stim_59_flute,rolloff,744.3417385985183,59,246.94165062806212,-177.78445721412322
14,flute,stim_60_flute,rolloff,783.0397598550068,60,261.6255653005986,-149.91520261172923
15,flute,stim_61_flute,rolloff,967.0437773892509,61,277.1826309768721,22.616136295073147
16,flute,stim_62_flute,rolloff,1175.9364403886852,62,293.66476791740763,219.35391969528825
17,flute,stim_63_flute,rolloff,1260.5044433417538,63,311.1269837220809,291.04427629660347
18,flute,stim_64_flute,rolloff,1330.1915839890523,64,329.62755691286986,347.0880258920088
19,flute,stim_65_flute,rolloff,1407.499718055712,65,349.22823143300394,409.9414906572755
20,flute,stim_66_flute,rolloff,1488.99207556595,66,369.9944227116344,476.11965950151955
21,flute,stim_67_flute,rolloff,1580.0668328047122,67,391.9954359817492,550.9695990286059
22,flute,stim_68_flute,rolloff,1672.4204584331164,68,415.3046975799452,626.1336290787822
23,flute,stim_69_flute,rolloff,1110.0845832863424,69,440.0,45.586011809914
24,flute,stim_70_flute,rolloff,1173.7937650424594,70,466.1637615180898,90.00052490368398
25,flute,stim_71_flute,rolloff,995.8692992591587,71,493.88330125612424,-108.36593024526474
26,flute,stim_72_flute,rolloff,1046.9773342739456,72,523.2511306011972,-78.91542853866667
27,flute,stim_73_flute,rolloff,1105.2286505755999,73,554.3652619537442,-43.60946949189588
28,flute,stim_74_flute,rolloff,1175.3221212532212,74,587.3295358348153,2.174241987286905
29,flute,stim_75_flute,rolloff,929.3628636661617,75,622.2539674441618,-269.5403083032793
30,flute,stim_76_flute,rolloff,1321.6143360911435,76,659.2551138257397,95.42438201791606
31,flute,stim_77_flute,rolloff,1399.7331770702954,77,698.4564628660079,144.63388439428195
32,flute,stim_78_flute,rolloff,1483.2806135220626,78,739.9888454232688,197.55294351406133
33,flute,stim_79_flute,rolloff,2354.1495424717878,79,783.9908719634984,1035.9722370404347
34,flute,stim_80_flute,rolloff,2077.279126268704,80,830.6093951598904,724.7226296808954
35,flute,stim_81_flute,rolloff,1773.9488674894887,81,880.0,384.9688866574918
36,flute,stim_82_flute,rolloff,942.0102858699847,82,932.3275230361796,-485.5590322867065
37,flute,stim_83_flute,rolloff,997.3453783416402,83,987.7666025122485,-471.10791854634715
38,flute,stim_84_flute,rolloff,1056.8681628510205,84,1046.5022612023945,-454.9002006533444
39,flute,stim_85_flute,rolloff,1110.9551009261997,85,1108.7305239074883,-446.7039770879321
40,flute,stim_86_flute,rolloff,1179.4302220208426,86,1174.6590716696305,-426.8483743901663
41,flute,stim_87_flute,rolloff,1249.979608482871,87,1244.5079348883237,-407.8095733351513
42,flute,stim_88_flute,rolloff,1323.8840267931353,88,1318.5102276514795,-388.47871923246
43,flute,stim_89_flute,rolloff,1401.3518258426966,89,1396.9129257320158,-368.8295973884706
44,flute,stim_90_flute,rolloff,1483.4369287020108,90,1479.9776908465376,-348.001249193132
45,flute,stim_91_flute,rolloff,1572.4667557710168,91,1567.9817439269968,-323.87069297082985
46,flute,stim_92_flute,rolloff,1668.0856968104385,92,1661.2187903197807,-297.0101342443195
47,flute,stim_93_flute,rolloff,1765.3604890310785,93,1760.0,-272.58231051205576
48,flute,stim_94_flute,rolloff,1870.1086593484893,94,1864.6550460723593,-245.01281484403398
49,flute,stim_95_flute,rolloff,1983.0594120049,95,1975.533205024497,-213.83001965021504
50,flute,stim_96_flute,rolloff,2099.8448616825403,96,2093.004522404789,-183.6747032053304
51,flute,stim_97_flute,rolloff,2226.7514214600506,97,2217.4610478149766,-148.5495724473535
52,flute,stim_98_flute,rolloff,2356.698993039129,98,2349.318143339261,-115.84103766202861
53,flute,stim_99_flute,rolloff,2497.810447116587,99,2489.0158697766474,-77.75075439859756
0,viola,stim_100_viola,rolloff,7878.395937358147,100,2637.020455302959,108.80041209550473
1,viola,stim_101_viola,rolloff,8310.475507252926,101,2793.8258514640315,115.60738755255989
2,viola,stim_102_viola,rolloff,8832.68527918782,102,2959.955381693075,187.25654063826005
3,viola,stim_103_viola,rolloff,9312.616142005269,103,3135.9634878539937,189.8350560133058
4,viola,stim_104_viola,rolloff,9906.140201262151,104,3322.4375806395615,277.62192014918037
5,viola,stim_105_viola,rolloff,10456.943047008448,105,3520.0,292.6148722199887
6,viola,stim_106_viola,rolloff,11068.336848664974,106,3729.3100921447212,336.33786593474906
7,viola,stim_107_viola,rolloff,11715.367446321845,107,3951.0664100489917,381.9421928322099
8,viola,stim_108_viola,rolloff,10397.639785684847,108,4186.009044809578,-1572.974405652536
9,viola,stim_55_viola,rolloff,296.50577973692236,55,195.99771799087466,-852.7814015970804
10,viola,stim_56_viola,rolloff,724.4442763372283,56,207.65234878997256,-456.4514796918372
11,viola,stim_57_viola,rolloff,662.4737012461563,57,220.0,-551.9101731376273
12,viola,stim_58_viola,rolloff,702.0547867125692,58,233.0818807590449,-547.8085131675743
13,viola,stim_59_viola,rolloff,744.3111770838054,59,246.94165062806212,-543.1412647188022
14,viola,stim_60_viola,rolloff,524.5662900776994,60,261.6255653005986,-802.7104603403919
15,viola,stim_61_viola,rolloff,555.7571628151982,61,277.1826309768721,-813.7119728393734
16,viola,stim_62_viola,rolloff,585.3850818677987,62,293.66476791740763,-828.7853288078139
17,viola,stim_63_viola,rolloff,1716.6453198559957,63,311.1269837220809,255.1155580247855
18,viola,stim_64_viola,rolloff,1658.9562990235313,64,329.62755691286986,147.25105247016313
19,viola,stim_65_viola,rolloff,1922.2537290242385,65,349.22823143300394,357.3894081661549
20,viola,stim_66_viola,rolloff,2035.7272727272725,66,369.9944227116344,414.5428745130398
21,viola,stim_67_viola,rolloff,2177.1518625272283,67,391.9954359817492,496.29842088269515
22,viola,stim_68_viola,rolloff,2485.6643763829043,68,415.3046975799452,741.5937853482451
23,viola,stim_69_viola,rolloff,2203.3085912823753,69,440.0,392.2617635382801
24,viola,stim_70_viola,rolloff,2340.961478788953,70,466.1637615180898,458.9558000521381
25,viola,stim_71_viola,rolloff,2477.0890027213063,71,493.88330125612424,519.9050401395632
26,viola,stim_72_viola,rolloff,2087.1963624034297,72,523.2511306011972,50.363782590718984
27,viola,stim_73_viola,rolloff,2208.1370114055608,73,554.3652619537442,86.9196611198895
28,viola,stim_74_viola,rolloff,2064.0435525192142,74,587.3295358348153,-146.57634780853914
29,viola,stim_75_viola,rolloff,2496.058217101274,75,622.2539674441618,190.7196144623249
30,viola,stim_76_viola,rolloff,2647.151044030867,76,659.2551138257397,241.4614719476026
31,viola,stim_77_viola,rolloff,2804.8053099356716,77,698.4564628660079,292.7975892429763
32,viola,stim_78_viola,rolloff,2969.610578878395,78,739.9888454232688,344.96270347340123
33,viola,stim_79_viola,rolloff,3145.9829889791044,79,783.9908719634984,401.99702671350997
34,viola,stim_80_viola,rolloff,3341.1068363421127,80,830.6093951598904,470.68657529626626
35,viola,stim_81_viola,rolloff,3522.6397790055244,81,880.0,518.2670445408057
36,viola,stim_82_viola,rolloff,3734.9774969314,82,932.3275230361796,588.6870604812416
37,viola,stim_83_viola,rolloff,3960.2858151023293,83,987.7666025122485,663.6388109623149
38,viola,stim_84_viola,rolloff,3149.7478789819115,84,1046.5022612023945,-306.19635962003804
39,viola,stim_85_viola,rolloff,3334.7883977900547,85,1108.7305239074883,-289.925381757816
40,viola,stim_86_viola,rolloff,3528.2054268079655,86,1174.6590716696305,-275.3134528240694
41,viola,stim_87_viola,rolloff,3715.647034425549,87,1244.5079348883237,-277.30924982887655
42,viola,stim_88_viola,rolloff,3955.950690515997,88,1318.5102276514795,-237.70753262705966
43,viola,stim_89_viola,rolloff,4184.188429291522,89,1396.9129257320158,-222.10609107039636
44,viola,stim_90_viola,rolloff,4431.368375858685,90,1479.9776908465376,-200.2064539278308
45,viola,stim_91_viola,rolloff,4681.170218080988,91,1567.9817439269968,-189.08078542672956
46,viola,stim_92_viola,rolloff,4981.263021410523,92,1661.2187903197807,-141.8565796576986
47,viola,stim_93_viola,rolloff,5249.159596606371,93,1760.0,-141.86495129959349
48,viola,stim_94_viola,rolloff,5576.471694671804,94,1864.6550460723593,-98.38825720504065
49,viola,stim_95_viola,rolloff,5907.471112540488,95,1975.533205024497,-68.10197471606807
50,viola,stim_96_viola,rolloff,6250.122546225575,96,2093.004522404789,-44.0450099548525
51,viola,stim_97_viola,rolloff,6617.042681549098,97,2217.4610478149766,-14.663956523171692
52,viola,stim_98_viola,rolloff,7023.301727866688,98,2349.318143339261,33.98488962609008
53,viola,stim_99_viola,rolloff,7433.992850658193,99,2489.0158697766474,65.80120317281398
0,harmoniccomplex,stim_100_harmonic,rolloff,2638.0,100,2637.020455302959,0.051142477345820225
1,harmoniccomplex,stim_101_harmonic,rolloff,2795.0,101,2793.8258514640315,0.2484437509192503
2,harmoniccomplex,stim_102_harmonic,rolloff,2961.0,102,2959.955381693075,0.12177135433194053
3,harmoniccomplex,stim_103_harmonic,rolloff,3137.0,103,3135.9634878539937,0.11669296143008978
4,harmoniccomplex,stim_104_harmonic,rolloff,3323.0,104,3322.4375806395615,-0.3541920156649212
5,harmoniccomplex,stim_105_harmonic,rolloff,3521.0,105,3520.0,0.08678717858765594
6,harmoniccomplex,stim_106_harmonic,rolloff,3730.0,106,3729.3100921447212,-0.21970432286525465
7,harmoniccomplex,stim_107_harmonic,rolloff,3952.0,107,3951.0664100489917,0.027792521524133917
8,harmoniccomplex,stim_108_harmonic,rolloff,4187.0,108,4186.009044809578,0.08919934635650861
9,harmoniccomplex,stim_55_harmonic,rolloff,197.0,55,195.99771799087466,0.03188825429688791
10,harmoniccomplex,stim_56_harmonic,rolloff,209.0,56,207.65234878997256,0.377457943228535
11,harmoniccomplex,stim_57_harmonic,rolloff,221.0,57,220.0,0.030019142869264215
12,harmoniccomplex,stim_58_harmonic,rolloff,234.0,58,233.0818807590449,-0.051636575971343746
13,harmoniccomplex,stim_59_harmonic,rolloff,248.0,59,246.94165062806212,0.08883197680265198
14,harmoniccomplex,stim_60_harmonic,rolloff,263.0,60,261.6255653005986,0.4051699033548175
15,harmoniccomplex,stim_61_harmonic,rolloff,278.0,61,277.1826309768721,-0.1516281535065218
16,harmoniccomplex,stim_62_harmonic,rolloff,295.0,62,293.66476791740763,0.3665184388484022
17,harmoniccomplex,stim_63_harmonic,rolloff,312.0,63,311.1269837220809,-0.09539697319144125
18,harmoniccomplex,stim_64_harmonic,rolloff,331.0,64,329.62755691286986,0.4043480909286359
19,harmoniccomplex,stim_65_harmonic,rolloff,350.0,65,349.22823143300394,-0.1959892498747422
20,harmoniccomplex,stim_66_harmonic,rolloff,371.0,66,369.9944227116344,0.03817670055184408
21,harmoniccomplex,stim_67_harmonic,rolloff,393.0,67,391.9954359817492,0.03754190143916958
22,harmoniccomplex,stim_68_harmonic,rolloff,416.0,68,415.3046975799452,-0.2713187206977068
23,harmoniccomplex,stim_69_harmonic,rolloff,441.0,69,440.0,0.033803678583808505
24,harmoniccomplex,stim_70_harmonic,rolloff,467.0,70,466.1637615180898,-0.12950775909740742
25,harmoniccomplex,stim_71_harmonic,rolloff,495.0,71,493.88330125612424,0.15142934645058403
26,harmoniccomplex,stim_72_harmonic,rolloff,524.0,72,523.2511306011972,-0.2158948004450849
27,harmoniccomplex,stim_73_harmonic,rolloff,555.0,73,554.3652619537442,-0.32949091416776355
28,harmoniccomplex,stim_74_harmonic,rolloff,588.0,74,587.3295358348153,-0.29319772945791556
29,harmoniccomplex,stim_75_harmonic,rolloff,623.0,75,622.2539674441618,-0.21702855353760242
30,harmoniccomplex,stim_76_harmonic,rolloff,660.0,76,659.2551138257397,-0.21753842529744816
31,harmoniccomplex,stim_77_harmonic,rolloff,699.0,77,698.4564628660079,-0.4182131069042043
32,harmoniccomplex,stim_78_harmonic,rolloff,741.0,78,739.9888454232688,0.05011879394896823
33,harmoniccomplex,stim_79_harmonic,rolloff,785.0,79,783.9908719634984,0.04884919572361923
34,harmoniccomplex,stim_80_harmonic,rolloff,832.0,80,830.6093951598904,0.4311279514498665
35,harmoniccomplex,stim_81_harmonic,rolloff,881.0,81,880.0,0.041372750012897086
36,harmoniccomplex,stim_82_harmonic,rolloff,933.0,82,932.3275230361796,-0.28525012534953476
37,harmoniccomplex,stim_83_harmonic,rolloff,989.0,83,987.7666025122485,0.27662408574644815
38,harmoniccomplex,stim_84_harmonic,rolloff,1047.0,84,1046.5022612023945,-0.45802420804488975
39,harmoniccomplex,stim_85_harmonic,rolloff,1110.0,85,1108.7305239074883,0.314783564509753
40,harmoniccomplex,stim_86_harmonic,rolloff,1176.0,86,1174.6590716696305,0.38736993392944896
41,harmoniccomplex,stim_87_harmonic,rolloff,1245.0,87,1244.5079348883237,-0.46029171422992476
42,harmoniccomplex,stim_88_harmonic,rolloff,1319.0,88,1318.5102276514795,-0.46131145774961624
43,harmoniccomplex,stim_89_harmonic,rolloff,1398.0,89,1396.9129257320158,0.13733917903687143
44,harmoniccomplex,stim_90_harmonic,rolloff,1481.0,90,1479.9776908465376,0.07400298074321654
45,harmoniccomplex,stim_91_harmonic,rolloff,1569.0,91,1567.9817439269968,0.07146378429251854
46,harmoniccomplex,stim_92_harmonic,rolloff,1662.0,92,1661.2187903197807,-0.16397870425498695
47,harmoniccomplex,stim_93_harmonic,rolloff,1761.0,93,1760.0,0.05651089287107425
48,harmoniccomplex,stim_94_harmonic,rolloff,1866.0,94,1864.6550460723593,0.40326514214621056
49,harmoniccomplex,stim_95_harmonic,rolloff,1977.0,95,1975.533205024497,0.5270135643381764
50,harmoniccomplex,stim_96_harmonic,rolloff,2094.0,96,2093.004522404789,0.057716976755727956
51,harmoniccomplex,stim_97_harmonic,rolloff,2218.0,97,2217.4610478149766,-0.3966674781349866
52,harmoniccomplex,stim_98_harmonic,rolloff,2350.0,98,2349.318143339261,-0.2514947392955946
53,harmoniccomplex,stim_99_harmonic,rolloff,2490.0,99,2489.0158697766474,0.05318196438565792
0,viola_complex,stim_100_viola_complex,rolloff,5255.0,100,2637.020455302959,-369.34005784776855
1,viola_complex,stim_101_viola_complex,rolloff,5550.0,101,2793.8258514640315,-364.19919383569777
2,viola_complex,stim_102_viola_complex,rolloff,5881.0,102,2959.955381693075,-340.2942509777786
3,viola_complex,stim_103_viola_complex,rolloff,6234.0,103,3135.9634878539937,-312.65013047997127
4,viola_complex,stim_104_viola_complex,rolloff,9913.0,104,3322.4375806395615,3021.6473226546423
5,viola_complex,stim_105_viola_complex,rolloff,6994.0,105,3520.0,-262.55230428088817
6,viola_complex,stim_106_viola_complex,rolloff,7413.0,106,3729.3100921447212,-230.46783109286844
7,viola_complex,stim_107_viola_complex,rolloff,7850.0,107,3951.0664100489917,-203.39055238473702
8,viola_complex,stim_108_viola_complex,rolloff,8317.0,108,4186.009044809578,-170.68854713281144
9,viola_complex,stim_55_viola_complex,rolloff,197.0,55,195.99771799087466,-915.0416364505675
10,viola_complex,stim_56_viola_complex,rolloff,833.0,56,207.65234878997256,-300.585545629654
11,viola_complex,stim_57_viola_complex,rolloff,883.0,57,220.0,-273.4105223131246
12,viola_complex,stim_58_viola_complex,rolloff,702.0,58,233.0818807590449,-478.5927427388731
13,viola_complex,stim_59_viola_complex,rolloff,990.0,59,246.94165062806212,-216.21291281961544
14,viola_complex,stim_60_viola_complex,rolloff,525.0,60,261.6255653005986,-708.3565374913699
15,viola_complex,stim_61_viola_complex,rolloff,552.0,61,277.1826309768721,-710.114206078234
16,viola_complex,stim_62_viola_complex,rolloff,296.0,62,293.66476791740763,-996.5818946258328
17,viola_complex,stim_63_viola_complex,rolloff,928.0,63,311.1269837220809,-396.86128621244643
18,viola_complex,stim_64_viola_complex,rolloff,659.0,64,329.62755691286986,-700.0601103068357
19,viola_complex,stim_65_viola_complex,rolloff,699.0,65,349.22823143300394,-696.2925023053267
20,viola_complex,stim_66_viola_complex,rolloff,1849.0,66,369.9944227116344,415.3206155519133
21,viola_complex,stim_67_viola_complex,rolloff,1958.0,67,391.9954359817492,483.6511306141392
22,viola_complex,stim_68_viola_complex,rolloff,1663.0,68,415.3046975799452,145.56331225596568
23,viola_complex,stim_69_viola_complex,rolloff,2192.0,69,440.0,628.9133588890245
24,viola_complex,stim_70_viola_complex,rolloff,2323.0,70,466.1637615180898,711.5489180375275
25,viola_complex,stim_71_viola_complex,rolloff,2461.0,71,493.88330125612424,798.3085778760428
26,viola_complex,stim_72_viola_complex,rolloff,2086.0,72,523.2511306011972,369.02132853253397
27,viola_complex,stim_73_viola_complex,rolloff,1108.0,73,554.3652619537442,-666.4940086411946
28,viola_complex,stim_74_viola_complex,rolloff,2342.0,74,587.3295358348153,506.5706142636084
29,viola_complex,stim_75_viola_complex,rolloff,1860.0,75,622.2539674441618,-39.98816890961916
30,viola_complex,stim_76_viola_complex,rolloff,2646.0,76,659.2551138257397,677.6141829016026
31,viola_complex,stim_77_viola_complex,rolloff,2802.0,77,698.4564628660079,761.1493989046203
32,viola_complex,stim_78_viola_complex,rolloff,2209.0,78,739.9888454232688,91.37563461910031
33,viola_complex,stim_79_viola_complex,rolloff,2340.0,79,783.9908719634984,141.03666474355214
34,viola_complex,stim_80_viola_complex,rolloff,3333.0,80,830.6093951598904,1047.861028027205
35,viola_complex,stim_81_viola_complex,rolloff,2642.0,81,880.0,265.5611212933227
36,viola_complex,stim_82_viola_complex,rolloff,3735.0,82,932.3275230361796,1261.8322395903288
37,viola_complex,stim_83_viola_complex,rolloff,3958.0,83,987.7666025122485,1382.3515592673593
38,viola_complex,stim_84_viola_complex,rolloff,3151.0,84,1046.5022612023945,466.77706058034164
39,viola_complex,stim_85_viola_complex,rolloff,3339.0,85,1108.7305239074883,539.7463862328846
40,viola_complex,stim_86_viola_complex,rolloff,3492.0,86,1174.6590716696305,570.8756320424905
41,viola_complex,stim_87_viola_complex,rolloff,2480.0,87,1244.5079348883237,-570.2419343039646
42,viola_complex,stim_88_viola_complex,rolloff,2628.0,88,1318.5102276514795,-559.0372306815211
43,viola_complex,stim_89_viola_complex,rolloff,2777.0,89,1396.9129257320158,-554.9667986754857
44,viola_complex,stim_90_viola_complex,rolloff,4415.0,90,1479.9776908465376,929.4856727534739
45,viola_complex,stim_91_viola_complex,rolloff,3125.0,91,1567.9817439269968,-523.1922669976225
46,viola_complex,stim_92_viola_complex,rolloff,3310.0,92,1661.2187903197807,-510.5435404303157
47,viola_complex,stim_93_viola_complex,rolloff,3496.0,93,1760.0,-507.14335389808093
48,viola_complex,stim_94_viola_complex,rolloff,3716.0,94,1864.6550460723593,-480.6011173040688
49,viola_complex,stim_95_viola_complex,rolloff,3937.0,95,1975.533205024497,-464.56247795000763
50,viola_complex,stim_96_viola_complex,rolloff,4171.0,96,2093.004522404789,-447.7114753240421
51,viola_complex,stim_97_viola_complex,rolloff,4405.0,97,2217.4610478149766,-443.7728240189572
52,viola_complex,stim_98_viola_complex,rolloff,4681.0,98,2349.318143339261,-411.5143323997454
53,viola_complex,stim_99_viola_complex,rolloff,4960.0,99,2489.0158697766474,-390.74946509265556
