condition,midi,f0_hz,elevation,dry_centroid_hz,filtered_centroid_hz,centroid_shift_hz,n_harmonics_found,harmonic_attenuation_db,between_harmonic_attenuation_db,between_minus_harmonic_db,top_notch_1_hz,top_notch_2_hz,mean_notch_harmonic_dist_hz,min_notch_harmonic_dist_hz,mean_notch_misalignment_ratio,n_notches_on_harmonic,n_notches_between_harmonics
flute,55,197.02185439918588,-25.0,2290.483061779699,2044.158707129723,-246.3243546499757,12,-57.08258517070658,-54.67882743240154,2.403757738305039,2028.082191780822,1812.328767123288,2641.8336633133563,15.401929045377074,26.81767128189484,1,20
flute,55,197.02185439918588,-12.5,2290.483061779699,2083.0790624452734,-207.4039993344254,12,-78.22044290120743,-54.40389412353603,23.816548777671407,2243.8356164383563,1812.328767123288,2046.7117309570317,15.401929045377074,20.776494437111428,1,15
flute,55,197.02185439918588,0.0,2290.483061779699,2031.2886327720864,-259.19442900761237,12,-95.98757408030373,-82.09831566886511,13.889258411438618,2200.6849315068494,1812.328767123288,1706.1780119595467,14.643420911815156,17.319682805366963,2,10
flute,55,197.02185439918588,12.5,2290.483061779699,1986.952480047193,-303.5305817325059,12,-78.77882399382528,-67.62342096588813,11.155403027937155,2200.6849315068494,1898.6301369863015,1878.1489124036818,15.401929045377074,19.065386610343896,1,13
flute,55,197.02185439918588,25.0,2290.483061779699,1885.0118838595092,-405.4711779201896,12,-71.95719096639532,-59.007279055020106,12.94991191137521,2243.8356164383563,2545.8904109589043,2180.697339201627,28.507264019691547,22.136603534177656,1,13
flute,56,208.6530579567762,-25.0,3009.117864948667,2377.304701814404,-631.813163134263,12,-51.5092701159919,-54.45019121023331,-2.9409210942414035,2028.082191780822,1812.328767123288,2530.9851241438355,4.88816352739741,24.260225552679373,1,20
flute,56,208.6530579567762,-12.5,3009.117864948667,2429.9964384814148,-579.1214264672521,12,-62.1934267419291,-55.55755856489457,6.635868177034531,2243.8356164383563,1812.328767123288,1944.9623421446922,4.88816352739741,18.643027436938915,1,15
flute,56,208.6530579567762,0.0,3009.117864948667,2366.701342858963,-642.4165220897039,12,-78.18150825115417,-82.14232158146618,-3.960813330312007,2200.6849315068494,1812.328767123288,1631.5509952910961,61.05990475171211,15.63888889305502,0,12
flute,56,208.6530579567762,12.5,3009.117864948667,2281.41259993653,-727.7052650121368,12,-55.70117480657732,-74.2047516958664,-18.503576889289086,2200.6849315068494,1898.6301369863015,1784.7229840004281,4.88816352739741,17.107086773395338,2,12
flute,56,208.6530579567762,25.0,3009.117864948667,2218.6722174995953,-790.4456474490717,12,-84.07690840849124,-67.06336869109026,17.013539717400974,2243.8356164383563,2545.8904109589043,2072.441372806079,48.03884845890434,19.864950872039447,0,14
flute,57,221.238642721622,-25.0,2864.5386783790095,2282.285449417803,-582.2532289612063,12,-50.09888123244835,-50.71771896319815,-0.618837730749803,2028.082191780822,1812.328767123288,2417.3674282962324,16.3922035530818,21.853030723370825,1,20
flute,57,221.238642721622,-12.5,2864.5386783790095,2378.245847396368,-486.2928309826416,12,-62.005903480962026,-73.57081616743393,-11.564912686471907,2243.8356164383563,1812.328767123288,1840.893972736516,36.260902718322086,16.641703728519595,0,16
flute,57,221.238642721622,0.0,2864.5386783790095,2254.575638258009,-609.9630401210006,12,-83.56651478496806,-65.4433681700949,18.123146614873164,2200.6849315068494,1812.328767123288,1522.8595890410961,6.4683888056506476,13.766669062034206,2,10
flute,57,221.238642721622,12.5,2864.5386783790095,2222.9984267806294,-641.5402515983801,12,-53.650166439597506,-91.7995470359816,-38.1493805963841,2200.6849315068494,1898.6301369863015,1688.4571650256853,6.4683888056506476,15.263673147283049,1,13
flute,57,221.238642721622,25.0,2864.5386783790095,2159.1944220086298,-705.3442563703798,12,-63.10435826398466,-63.973878278227886,-0.8695200142432284,2243.8356164383563,2545.8904109589043,1965.4240020333907,36.68229612585628,17.767456696129035,0,14
flute,72,525.0311597793236,-25.0,3534.0106017421485,2635.138095181545,-898.8725065606036,12,-43.93537405079321,-39.573018458186134,4.362355592607074,2028.082191780822,1812.328767123288,696.5382197131852,3.602913634417746,2.6533214524103594,3,18
flute,72,525.0311597793236,-12.5,3534.0106017421485,2760.7538363743565,-773.256765367792,12,-42.723172244786774,-37.20177256728022,5.521399677506551,2243.8356164383563,1812.328767123288,425.17146280367103,31.85734160958873,1.6196046839672344,0,16
flute,72,525.0311597793236,0.0,3534.0106017421485,2666.8830295704925,-867.1275721716561,12,-59.29088308398241,-39.27913658179198,20.011746502190427,2200.6849315068494,1812.328767123288,564.2914236408392,13.358171018835492,2.149554033623517,2,10
flute,72,525.0311597793236,12.5,3534.0106017421485,2521.1098394118876,-1012.9007623302609,12,-48.357648654832495,-43.350099493411264,5.007549161421231,2200.6849315068494,1898.6301369863015,583.5169962007707,13.358171018835492,2.2227899633462873,1,13
flute,72,525.0311597793236,25.0,3534.0106017421485,2402.6926988414625,-1131.317902900686,12,-52.43058260635748,-48.51013489158768,3.9204477147698,2243.8356164383563,2545.8904109589043,553.6898678296235,20.079395869006476,2.109169551240903,1,13
flute,73,555.0342790539481,-25.0,3598.2001675078186,2645.1395190383846,-953.060648469434,12,-40.58088814572165,-40.76095805534357,-0.1800699096219205,2028.082191780822,1812.328767123288,607.7225358518837,2.08589736729391,2.1898558657953244,2,19
flute,73,555.0342790539481,-12.5,3598.2001675078186,2745.0335194235386,-853.16664808428,12,-49.248957198841914,-37.372862691154175,11.876094507687739,2243.8356164383563,1812.328767123288,350.3412116063786,4.277143086472279,1.2624128808892043,2,14
flute,73,555.0342790539481,0.0,3598.2001675078186,2594.834135921667,-1003.3660315861516,12,-48.83636120213712,-38.633214331710306,10.203146870426814,2200.6849315068494,1812.328767123288,499.1176657480739,17.234990368150648,1.7985111355601902,1,11
flute,73,555.0342790539481,12.5,3598.2001675078186,2527.4272824333475,-1070.772885074471,12,-56.001847385492994,-42.289740663933635,13.712106721559358,2200.6849315068494,1898.6301369863015,526.3655153039384,17.234990368150648,1.8966955201438174,1,13
flute,73,555.0342790539481,25.0,3598.2001675078186,2399.939294682207,-1198.2608728256114,12,-45.110854606565674,-53.378183950602995,-8.267329344037321,2243.8356164383563,2545.8904109589043,492.39970168022273,25.915694563356283,1.774303751182772,1,13
flute,74,587.9211272117641,-25.0,3980.039057394526,2772.586719971565,-1207.4523374229611,12,-40.87385115605167,-41.29925123545931,-0.4254000794076376,2028.082191780822,1812.328767123288,497.8953740368151,13.526728381849352,1.6937488754591992,2,19
flute,74,587.9211272117641,-12.5,3980.039057394526,2833.1607056614052,-1146.8783517331208,12,-45.242913417939604,-38.22776228446365,7.015151133475953,2243.8356164383563,1812.328767123288,269.69836509391075,15.401929045377074,0.9174644441609521,2,14
flute,74,587.9211272117641,0.0,3980.039057394526,2690.8272590040283,-1289.2117983904977,12,-41.24502249554444,-39.0469889863642,2.1980335091802417,2200.6849315068494,1812.328767123288,431.4910470622861,15.401929045377074,1.46785351670775,1,11
flute,74,587.9211272117641,12.5,3980.039057394526,2637.3630934073212,-1342.6759639872048,12,-48.86481213211463,-44.360558812623545,4.5042533194910845,2200.6849315068494,1898.6301369863015,452.0813824379282,15.401929045377074,1.5378980666401272,1,13
flute,74,587.9211272117641,25.0,3980.039057394526,2533.8128662747845,-1446.2261911197415,12,-53.88918731815739,-40.29502832092737,13.594158997230018,2243.8356164383563,2545.8904109589043,430.8867990154112,29.623956549658033,1.4657979755172483,1,13
flute,89,1401.2064399308622,-25.0,4176.906209953475,2722.798562851313,-1454.107647102162,12,-48.38416195787921,-45.423101502312356,2.9610604555668516,2028.082191780822,1812.328767123288,314.91933326198637,2.8865448416099753,0.4494974106421107,2,19
flute,89,1401.2064399308622,-12.5,4176.906209953475,3063.471350610905,-1113.4348593425698,12,-45.23980540618436,-44.65521038352188,0.5845950226624765,2243.8356164383563,1812.328767123288,369.13535758240585,45.74225438784197,0.5268821881815211,0,16
flute,89,1401.2064399308622,0.0,4176.906209953475,2856.8679093387886,-1320.0383006146862,12,-49.66936215780069,-46.27069698082601,3.3986651769746814,2200.6849315068494,1812.328767123288,395.07563342786807,2.591569456335492,0.5639078185329519,1,11
flute,89,1401.2064399308622,12.5,4176.906209953475,2708.6468026477446,-1468.2594073057303,12,-50.09346431674343,-47.214163017586586,2.879301299156843,2200.6849315068494,1898.6301369863015,363.5330827268836,2.591569456335492,0.5188858291927647,1,13
flute,89,1401.2064399308622,25.0,4176.906209953475,2412.049951742481,-1764.856258210994,12,-48.09184067953944,-45.4622742076204,2.629566471919034,2243.8356164383563,2545.8904109589043,426.48173293022256,45.74225438784197,0.6087350454245213,0,14
flute,90,1483.7730049337786,-25.0,3954.6415923896275,2637.3084754799506,-1317.3331169096768,12,-53.66099961037671,-47.974727704393175,5.6862719059835385,2028.082191780822,1812.328767123288,395.3984508775684,2.08589736729391,0.5329635322422048,1,20
flute,90,1483.7730049337786,-12.5,3954.6415923896275,2951.906871726592,-1002.7347206630357,12,-48.0418669622295,-46.912921815786675,1.128945146442824,2243.8356164383563,1812.328767123288,403.08386397688355,68.41321971318575,0.5433228164100119,0,16
flute,90,1483.7730049337786,0.0,3954.6415923896275,2658.1147756076684,-1296.526816781959,12,-46.39253676714866,-48.47335077577341,-2.080814008624749,2200.6849315068494,1812.328767123288,354.618354692851,17.888150149828107,0.4779954258686326,1,11
flute,90,1483.7730049337786,12.5,3954.6415923896275,2445.958470267537,-1508.6831221220905,12,-49.48857491752034,-46.64971535500967,2.8388595625106703,2200.6849315068494,1898.6301369863015,351.4014675192636,33.60612425085492,0.4736593351554429,0,14
flute,90,1483.7730049337786,25.0,3954.6415923896275,2294.38208990719,-1660.2595024824373,12,-48.017268328868376,-50.13093431271661,-2.113665983848236,2243.8356164383563,2545.8904109589043,399.6796072345892,69.71953927654113,0.5387341674307211,0,14
flute,91,1574.4985676692183,-25.0,3668.3558287553587,2549.1852215812482,-1119.1706071741105,12,-49.74122378183588,-44.63674040385682,5.104483377979058,2028.082191780822,1812.328767123288,469.00584599743144,92.45371361301386,0.5957526486565385,0,21
flute,91,1574.4985676692183,-12.5,3668.3558287553587,2753.711961825076,-914.6438669302829,12,-46.779554042172485,-46.322926507893605,0.4566275342788799,2243.8356164383563,1812.328767123288,440.083522012789,38.57856645975971,0.5590141916283341,0,16
flute,91,1574.4985676692183,0.0,3668.3558287553587,2540.754632267252,-1127.6011964881068,12,-52.797312290521944,-47.17114107552221,5.6261712149997365,2200.6849315068494,1812.328767123288,445.1319028253422,131.03228007277357,0.5654268755344573,0,12
flute,91,1574.4985676692183,12.5,3668.3558287553587,2331.6128847384016,-1336.7429440169572,12,-49.21813584221602,-46.788443662990296,2.429692179225725,2200.6849315068494,1898.6301369863015,425.78492883133555,36.998341181506476,0.5408514654435526,0,14
flute,91,1574.4985676692183,25.0,3668.3558287553587,2187.952751589225,-1480.4030771661337,12,-50.75867065117166,-45.10447332704881,5.654197324122855,2243.8356164383563,2545.8904109589043,363.9213666523971,30.845997431506476,0.4622695429836076,0,14
flute,106,1869.009716392972,-25.0,6713.089405506232,4351.104993912575,-2361.9844115936567,11,-60.25879826909331,-52.52347325681723,7.735325012276078,2028.082191780822,1812.328767123288,449.2625615368149,10.576974529109066,0.48074930547054934,2,19
flute,106,1869.009716392972,-12.5,6713.089405506232,4382.676217688701,-2330.4131878175303,11,-50.506305758191154,-47.448483183050556,3.057822575140598,2243.8356164383563,1812.328767123288,414.3864252795911,17.719592786814246,0.4434288614393308,3,13
flute,106,1869.009716392972,0.0,6713.089405506232,4325.72516665892,-2387.3642388473118,11,-50.18814208494023,-47.62166590780214,2.5664761771380924,2200.6849315068494,1812.328767123288,430.86598017444334,18.098846853596115,0.46106339244290034,2,10
flute,106,1869.009716392972,12.5,6713.089405506232,4338.564918068505,-2374.5244874377267,11,-48.28235436547973,-52.48033083729501,-4.197976471815274,2200.6849315068494,1898.6301369863015,525.7364351455478,57.54126979880152,0.5625828806927489,0,14
flute,106,1869.009716392972,25.0,6713.089405506232,4270.969105194772,-2442.1203003114597,11,-50.24080879605686,-50.27063121257477,-0.02982241651790929,2243.8356164383563,2545.8904109589043,389.3780433968322,7.521872324487049,0.4166677572423736,3,11
flute,107,1980.3649296950643,-25.0,7132.675683051501,4742.581184152175,-2390.094498899326,11,-48.19782233040156,-50.56657413671961,-2.368751806318052,2028.082191780822,1812.328767123288,460.9381688784247,25.494301155822086,0.4655083131061099,1,20
flute,107,1980.3649296950643,-12.5,7132.675683051501,4746.256680813794,-2386.419002237707,11,-49.7037671516761,-49.27322879977848,0.43053835189761713,2243.8356164383563,1812.328767123288,420.5677398263591,25.494301155822086,0.42473761630500895,1,15
flute,107,1980.3649296950643,0.0,7132.675683051501,4676.275966748276,-2456.3997163032254,11,-46.11813531492613,-51.229925513684066,-5.111790198757937,2200.6849315068494,1812.328767123288,420.7911661226456,17.656383775684844,0.4249632578450466,1,11
flute,107,1980.3649296950643,12.5,7132.675683051501,4731.287008733816,-2401.3886743176854,11,-49.19036694716355,-48.914633576350276,0.27573337081327054,2200.6849315068494,1898.6301369863015,451.01585910744876,103.95775363869848,0.4554876248761848,0,14
flute,107,1980.3649296950643,25.0,7132.675683051501,4524.315654970451,-2608.3600280810506,11,-49.604571292152976,-46.80902949266145,2.7955417994915237,2243.8356164383563,2545.8904109589043,472.1156290132704,60.80706870719155,0.4767965963585979,0,14
flute,108,1397.1279068757387,-25.0,6228.655010315896,4880.226842639883,-1348.428167676013,12,-47.27458083544834,-45.68721117747976,1.5873696579685799,2028.082191780822,1812.328767123288,315.15711954195206,18.646658283390025,0.451149988474151,1,20
flute,108,1397.1279068757387,-12.5,6228.655010315896,4804.316606790708,-1424.3384035251884,12,-44.6876877128557,-45.74158627727383,-1.0538985644181338,2243.8356164383563,1812.328767123288,365.7707945941246,45.74225438784197,0.5236038773458649,0,16
flute,108,1397.1279068757387,0.0,6228.655010315896,4719.3009029096165,-1509.3541074062796,12,-50.30159238749959,-46.65590371931449,3.6456886681851017,2200.6849315068494,1812.328767123288,390.58954944349307,2.591569456335492,0.5591321274469859,1,11
flute,108,1397.1279068757387,12.5,6228.655010315896,4666.521410205424,-1562.133600110472,12,-47.5252978110876,-46.35677307773663,1.1685247333509707,2200.6849315068494,1898.6301369863015,368.9163835081336,2.591569456335492,0.5281068135459486,1,13
flute,108,1397.1279068757387,25.0,6228.655010315896,4485.285500952804,-1743.3695093630922,12,-47.60802808593803,-45.059558041377414,2.5484700445606165,2243.8356164383563,2545.8904109589043,423.17228970462304,45.74225438784197,0.6057745860232969,0,14
viola,55,196.2152802863965,-25.0,1074.7196656476663,1960.1476838434505,885.4280181957843,12,-56.85555855589114,-55.22695342839483,1.6286051274963143,2028.082191780822,1812.328767123288,2642.8590539383563,15.401929045377074,26.93836127421708,1,20
viola,55,196.2152802863965,-12.5,1074.7196656476663,1953.132436278544,878.4127706308777,12,-76.79030896164065,-55.144112254495376,21.646196707145272,2243.8356164383563,1812.328767123288,2048.057556152344,15.401929045377074,20.875617364386628,1,15
viola,55,196.2152802863965,0.0,1074.7196656476663,1907.4236805181558,832.7040148704896,12,-95.01709392221026,-84.36907343917561,10.648020483034657,2200.6849315068494,1812.328767123288,1707.9724455532967,15.401929045377074,17.409168573011584,2,10
viola,55,196.2152802863965,12.5,1074.7196656476663,1876.8467974807684,802.1271318331021,12,-77.69461981413934,-67.49382020035185,10.200799613787495,2200.6849315068494,1898.6301369863015,1878.1489124036818,15.401929045377074,19.143757913882435,1,13
viola,55,196.2152802863965,25.0,1074.7196656476663,1851.0719758724345,776.3523102247682,12,-72.25198880905552,-59.997184123210786,12.254804685844732,2243.8356164383563,2545.8904109589043,2180.697339201627,17.740662457191547,22.227599563282467,1,13
viola,56,207.343327775811,-25.0,1243.9651126987083,1992.8361173741962,748.8710046754879,12,-51.422623391210124,-54.459118521163965,-3.036495129953842,2028.082191780822,1812.328767123288,2529.9597335188355,4.88816352739741,24.403579904479425,1,20
viola,56,207.343327775811,-12.5,1243.9651126987083,1982.9301489948905,738.9650362961822,12,-61.404984790946806,-53.82009475995103,7.584890030995773,2243.8356164383563,1812.328767123288,1943.6165169493797,4.88816352739741,18.747808649535187,1,15
viola,56,207.343327775811,0.0,1243.9651126987083,1960.1421119539173,716.176999255209,12,-76.01671051176203,-79.61153424957227,-3.594823737810245,2200.6849315068494,1812.328767123288,1629.7565616973461,39.52670162671211,15.720366593705998,0,12
viola,56,207.343327775811,12.5,1243.9651126987083,1931.6476574666149,687.6825447679066,12,-55.57322631109303,-71.81598268152067,-16.242756370427635,2200.6849315068494,1898.6301369863015,1787.0301129066781,4.88816352739741,17.237401676497605,1,13
viola,56,207.343327775811,25.0,1243.9651126987083,1931.4465687920383,687.48145609333,12,-87.7269540868043,-64.37124181808814,23.35571226871616,2243.8356164383563,2545.8904109589043,2072.441372806079,39.52670162671211,19.990432246239404,0,14
viola,57,219.5171778403181,-25.0,1323.3984243065006,2063.9015320727685,740.5031077662679,12,-50.50377709653563,-51.23558191139769,-0.7318048148620591,2028.082191780822,1812.328767123288,2417.8801236087324,16.3922035530818,22.029074420477066,2,19
viola,57,219.5171778403181,-12.5,1323.3984243065006,2071.342563025219,747.9441387187185,12,-62.94771165594986,-72.0484107333312,-9.100699077381336,2243.8356164383563,1812.328767123288,1841.5668853341722,27.664477204622926,16.778339658445958,1,15
viola,57,219.5171778403181,0.0,1323.3984243065006,1998.322469942954,674.9240456364535,12,-86.68707879648532,-67.58954226713877,19.097536529346556,2200.6849315068494,1812.328767123288,1521.0651554473461,6.4683888056506476,13.858279068746084,3,9
viola,57,219.5171778403181,12.5,1323.3984243065006,2010.3795204942683,686.9810961877677,12,-54.262973828096335,-89.32745755400848,-35.06448372591214,2200.6849315068494,1898.6301369863015,1687.6881220569353,6.4683888056506476,15.376364972080669,3,11
viola,57,219.5171778403181,25.0,1323.3984243065006,2016.798113508454,693.3996892019534,12,-64.15530564049406,-62.932627217773,1.22267842272106,2243.8356164383563,2545.8904109589043,1966.1930450021407,36.68229612585628,17.913796672735973,0,14
viola,72,523.3522563537086,-25.0,2099.5115205837847,2543.337448534104,443.8259279503195,12,-44.671776280747416,-39.900454401103744,4.771321879643672,2028.082191780822,1812.328767123288,699.4699138484591,5.140999571918201,2.6730367753520143,3,18
viola,72,523.3522563537086,-12.5,2099.5115205837847,2489.889675912626,390.37815532884133,12,-43.21758967248068,-37.717277000706176,5.500312671774502,2243.8356164383563,1812.328767123288,425.22677068840994,11.20906464041127,1.6250117030202296,1,15
viola,72,523.3522563537086,0.0,2099.5115205837847,2475.386348045703,375.87482746191836,12,-58.531177018359934,-39.865029673635824,18.66614734472411,2200.6849315068494,1812.328767123288,565.6539289918666,8.175032106164508,2.161656597920802,1,11
viola,72,523.3522563537086,12.5,2099.5115205837847,2501.3039115724564,401.79239098867174,12,-47.770313248955745,-43.420001602676734,4.35031164627901,2200.6849315068494,1898.6301369863015,586.2229438677228,8.175032106164508,2.240261455838734,1,13
viola,72,523.3522563537086,25.0,2099.5115205837847,2508.027058454098,408.51553787031344,12,-53.97887082893427,-46.66113224922847,7.3177385797057966,2243.8356164383563,2545.8904109589043,554.4589107983735,9.312794306506476,2.1188746358385484,1,13
viola,73,554.9204338335294,-25.0,2188.472369181659,2559.2186393227944,370.7462701411355,12,-40.56430857638757,-40.7793601716072,-0.21505159521963435,2028.082191780822,1812.328767123288,613.6180302868152,19.44730575770609,2.2115531988893906,2,19
viola,73,554.9204338335294,-12.5,2188.472369181659,2538.2317620830922,349.75939290143333,12,-49.239989704470446,-37.40344409411585,11.836545610354598,2243.8356164383563,1812.328767123288,355.05159978997233,22.607756314211656,1.2796486780534893,3,13
viola,73,554.9204338335294,0.0,2188.472369181659,2503.5946263648825,315.1222571832236,12,-48.99207505392075,-38.606549075646655,10.385525978274096,2200.6849315068494,1812.328767123288,499.1176657480739,17.234990368150648,1.7988801107937007,2,10
viola,73,554.9204338335294,12.5,2188.472369181659,2549.6481374783093,361.1757682966504,12,-56.03029830246977,-42.27656849815213,13.753729804317636,2200.6849315068494,1898.6301369863015,527.9036012414384,17.234990368150648,1.9026280852357444,2,12
viola,73,554.9204338335294,25.0,2188.472369181659,2551.751053919812,363.27868473815306,12,-45.042713661189644,-53.5092696759201,-8.466556014730457,2243.8356164383563,2545.8904109589043,493.3959960937501,22.607756314211656,1.778258525047445,2,12
viola,74,587.8578534417251,-25.0,2298.514867302621,2586.4760787539885,287.9612114513675,12,-40.88415327540563,-41.26603540901894,-0.3818821336133098,2028.082191780822,1812.328767123288,499.01005993150693,2.7601268193493524,1.6977235466361744,2,19
viola,74,587.8578534417251,-12.5,2298.514867302621,2574.5222258104145,276.00735850779347,12,-45.20504007168844,-38.25818722361353,6.946852848074904,2243.8356164383563,1812.328767123288,274.4087532775045,26.168530607877074,0.933588797601075,1,15
viola,74,587.8578534417251,0.0,2298.514867302621,2570.382005430698,271.86713812807693,12,-41.245394115585434,-39.0377019710123,2.2076921445731372,2200.6849315068494,1812.328767123288,434.1826974529111,26.168530607877074,1.4771689955689336,1,11
viola,74,587.8578534417251,12.5,2298.514867302621,2584.4670303280272,285.9521630254062,12,-48.893902906685526,-44.40042360693194,4.493479299753588,2200.6849315068494,1898.6301369863015,452.0813824379282,8.975679580478754,1.538063597487495,2,12
viola,74,587.8578534417251,25.0,2298.514867302621,2575.4033119126816,276.88844461006056,12,-53.88080000402982,-40.30148055186336,13.579319452166466,2243.8356164383563,2545.8904109589043,432.4248849529112,40.39055811215803,1.4711885957504793,0,14
viola,89,1397.227676988355,-25.0,3833.488025146412,3203.6904841547403,-629.7975409916717,12,-47.29915300258904,-45.70103007664238,1.5981229259466545,2028.082191780822,1812.328767123288,313.10633829195206,7.880056720890025,0.4481822732954089,2,19
viola,89,1397.227676988355,-12.5,3833.488025146412,3338.42944234475,-495.05858280166194,12,-44.67852164137141,-45.69688916538004,-1.0183675240086316,2243.8356164383563,1812.328767123288,365.09788199646835,24.209051262841967,0.5226032779187657,1,15
viola,89,1397.227676988355,0.0,3833.488025146412,3364.1645891911057,-469.3234359553062,12,-50.26293964043422,-46.60594896739814,3.656990673036077,2200.6849315068494,1812.328767123288,392.8492715913955,18.941633668664508,0.5623267819002267,1,11
viola,89,1397.227676988355,12.5,3833.488025146412,3373.1653403231467,-460.32268482326526,12,-47.58195435848447,-46.43351564255034,1.1484387159341267,2200.6849315068494,1898.6301369863015,369.31520226883566,18.941633668664508,0.5286399752184608,1,13
viola,89,1397.227676988355,25.0,3833.488025146412,3311.343686840263,-522.1443383061487,12,-47.64201017775108,-45.04638359929698,2.5956265784541017,2243.8356164383563,2545.8904109589043,423.17228970462304,24.209051262841967,0.6057313302249308,1,13
viola,90,1480.7297171299356,-25.0,4041.5637580645766,3436.2622130216114,-605.3015450429652,12,-54.38955786812065,-46.78145876168107,7.608099106439575,2028.082191780822,1812.328767123288,389.0474502354452,8.68070419520609,0.5254807082409704,1,20
viola,90,1480.7297171299356,-12.5,4041.5637580645766,3511.0282182593537,-530.5355398052229,12,-45.9472761440582,-45.74227649179463,0.20499965226357375,2243.8356164383563,1812.328767123288,390.97143721907105,46.880016588185754,0.528079409356195,0,16
viola,90,1480.7297171299356,0.0,4041.5637580645766,3442.2280670467508,-599.3356910178259,12,-47.68592647791104,-48.57861795765562,-0.8926914797445775,2200.6849315068494,1812.328767123288,352.82392109910114,39.42135327482811,0.4765541165513603,0,12
viola,90,1480.7297171299356,12.5,4041.5637580645766,3426.1337014139726,-615.430056650604,12,-52.09972748135897,-46.12249275349828,5.97723472786069,2200.6849315068494,1898.6301369863015,346.7872097067636,22.83952268835492,0.4684004186516001,1,13
viola,90,1480.7297171299356,25.0,4041.5637580645766,3452.720984945582,-588.8427731189945,12,-47.91040481598853,-47.50562935869985,0.4047754572886788,2243.8356164383563,2545.8904109589043,402.7557791095892,48.18633615154113,0.5439963478145647,0,14
viola,91,1570.643071242601,-25.0,4212.780681469983,3550.3730640818917,-662.4076173880917,12,-49.43779306961332,-46.60383328900437,2.83395978060895,2028.082191780822,1812.328767123288,464.39158818493144,78.69521885701943,0.5913394286552094,0,21
viola,91,1570.643071242601,-12.5,4212.780681469983,3660.775929788042,-552.0047516819413,12,-46.58055944261179,-46.71367798407125,-0.13311854145946,2243.8356164383563,1812.328767123288,439.41060941513274,70.87837114725971,0.5595295550726196,0,16
viola,91,1570.643071242601,0.0,4212.780681469983,3524.9518561532805,-687.8288253167029,12,-52.20392200992137,-46.45411859765082,5.749803412270552,2200.6849315068494,1812.328767123288,442.4402524347172,109.49907694777357,0.5633873927635059,0,12
viola,91,1570.643071242601,12.5,4212.780681469983,3444.6287722780658,-768.1519091919176,12,-48.448384131853835,-45.36310147844917,3.0852826534046685,2200.6849315068494,1898.6301369863015,418.86354211258555,15.465138056506476,0.5333656637611564,1,13
viola,91,1570.643071242601,25.0,4212.780681469983,3464.8534790631898,-747.9272024067936,12,-50.788759446849156,-43.792242682706274,6.996516764142882,2243.8356164383563,2545.8904109589043,356.2309369648971,9.312794306506476,0.45361157284839787,1,13
viola,106,1861.4924577655574,-25.0,8177.010735973674,5898.662529438972,-2278.3482065347016,11,-52.80459747763913,-48.94920340609611,3.8553940715430173,2028.082191780822,1812.328767123288,444.15366812928073,0.18962703339093423,0.47720168435430627,3,18
viola,106,1861.4924577655574,-12.5,8177.010735973674,6130.029133162555,-2046.981602811119,11,-51.23805799791256,-49.08526185303435,2.1527961448782094,2243.8356164383563,1812.328767123288,418.22768956014556,28.76010006421211,0.4493466388385641,1,15
viola,106,1861.4924577655574,0.0,8177.010735973674,6164.127100409831,-2012.8836355638432,11,-50.3184120558264,-48.8185599413842,1.4998521144421986,2200.6849315068494,1812.328767123288,418.30494501819334,7.332245291096115,0.44942964262160445,2,10
viola,106,1861.4924577655574,12.5,8177.010735973674,6203.221169391063,-1973.7895665826109,11,-51.088101369550124,-49.74859288614093,1.3395084834091904,2200.6849315068494,1898.6301369863015,518.8150484267978,50.482930222603045,0.5574183728356951,0,14
viola,106,1861.4924577655574,25.0,8177.010735973674,6052.978298203443,-2124.032437770231,11,-48.59888291286967,-63.302604210331246,-14.703721297461577,2243.8356164383563,2545.8904109589043,387.8399574593322,7.332245291096115,0.4166978553594312,2,12
viola,107,1976.8316707344977,-25.0,8659.907254297974,6643.661844918215,-2016.2454093797587,11,-49.83187949373169,-49.724369868958966,0.10750962477272452,2028.082191780822,1812.328767123288,472.2174657534247,79.32730896832209,0.4777518215073626,0,21
viola,107,1976.8316707344977,-12.5,8659.907254297974,6659.308707639693,-2000.5985466582806,11,-49.501399251297634,-50.54216582147952,-1.0407665701818871,2243.8356164383563,1812.328767123288,430.5271096425514,70.87837114725971,0.43557285733143664,0,16
viola,107,1976.8316707344977,0.0,8659.907254297974,6476.320406083205,-2183.586848214769,11,-48.4784949131083,-49.96748944146289,-1.4889945283545885,2200.6849315068494,1812.328767123288,429.51225385273983,36.176624036815156,0.4345461075025709,0,12
viola,107,1976.8316707344977,12.5,8659.907254297974,6696.726278281021,-1963.1809760169526,11,-52.841680693901424,-49.29907273364158,3.5426079602598435,2200.6849315068494,1898.6301369863015,461.78246066994876,50.12474582619848,0.46719451889231634,0,14
viola,107,1976.8316707344977,25.0,8659.907254297974,6386.388098885518,-2273.519155412456,11,-48.5236089449967,-47.17646041661695,1.3471485283797549,2243.8356164383563,2545.8904109589043,479.6525511023116,6.974060894691547,0.4852740455378229,1,13
viola,108,1392.355612867005,-25.0,9253.352107885372,7986.110211438634,-1267.2418964467379,12,-47.31262212266889,-45.70436740491793,1.6082547177509596,2028.082191780822,1812.328767123288,317.48280982448637,2.8865448416099753,0.456036959079378,2,19
viola,108,1392.355612867005,-12.5,9253.352107885372,7836.401182960567,-1416.950924924805,12,-46.88874140064244,-47.90194596907672,-1.0132045684342827,2243.8356164383563,1812.328767123288,372.4999205706871,56.50885595034197,0.5350643429427789,0,16
viola,108,1392.355612867005,0.0,9253.352107885372,7428.50113256744,-1824.8509753179314,12,-46.845097621451124,-45.042380054028214,1.80271756742291,2200.6849315068494,1812.328767123288,392.38398303724307,13.358171018835492,0.5636261015665153,1,11
viola,108,1392.355612867005,12.5,9253.352107885372,7193.89397785642,-2059.458130028952,12,-48.24986533939736,-44.34023487094476,3.9096304684525975,2200.6849315068494,1898.6301369863015,378.9139421018836,13.358171018835492,0.544277537434076,1,13
viola,108,1392.355612867005,25.0,9253.352107885372,6616.766122744344,-2636.585985141028,12,-49.13966468205974,-50.40533648457267,-1.2656718025129337,2243.8356164383563,2545.8904109589043,420.86516079837304,56.50885595034197,0.6045368825450675,0,14
harmoniccomplex,55,196.38478727374562,-25.0,290.3495337601256,309.15637349960053,18.806839739474924,12,-56.86669354387755,-55.11176105512706,1.754932488750491,2028.082191780822,1812.328767123288,2635.6230513341898,9.311108732877074,26.841417687413127,1,20
harmoniccomplex,55,196.38478727374562,-12.5,290.3495337601256,307.54309962888516,17.19356586875955,12,-77.02073419219852,-54.98855042406894,22.032183768129578,2243.8356164383563,1812.328767123288,2040.4636840820317,9.311108732877074,20.780262182302124,1,15
harmoniccomplex,55,196.38478727374562,0.0,290.3495337601256,301.44900100517475,11.09946724504914,12,-95.2075047860099,-83.89185838535523,11.315646400654671,2200.6849315068494,1812.328767123288,1699.87755623038,4.006702161815156,17.311703007431817,3,9
harmoniccomplex,55,196.38478727374562,12.5,290.3495337601256,298.5513057905662,8.201772030440566,12,-77.89743396784696,-67.52105667493721,10.376377292909751,2200.6849315068494,1898.6301369863015,1872.8715686536818,9.311108732877074,19.073489292661346,2,12
harmoniccomplex,55,196.38478727374562,25.0,290.3495337601256,298.25778732284806,7.90825356272245,12,-72.17193799657709,-59.789148899652325,12.38278909692476,2243.8356164383563,2545.8904109589043,2175.946362639127,39.14398276969155,22.160029733932713,0,14
harmoniccomplex,56,208.021505034846,-25.0,306.6418980054774,337.9455480033262,31.303649997848822,12,-51.442819483703154,-54.347516596073234,-2.90469711237008,2028.082191780822,1812.328767123288,2540.848730914669,18.37546821489741,24.42871212271104,1,20
harmoniccomplex,56,208.021505034846,-12.5,306.6418980054774,331.6877816845767,25.04588367909929,12,-61.75357612177253,-54.514641959386175,7.238934162386357,2243.8356164383563,1812.328767123288,1953.6935433165672,18.37546821489741,18.783572813679058,1,15
harmoniccomplex,56,208.021505034846,0.0,306.6418980054774,322.9762144312372,16.334316425759823,12,-77.06276551746215,-80.88236555804393,-3.8196000405817756,2200.6849315068494,1812.328767123288,1638.6968286244294,37.26400631421211,15.755071364856525,0,12
harmoniccomplex,56,208.021505034846,12.5,306.6418980054774,322.76606812608856,16.124170120611154,12,-55.57725636755804,-72.97965139774129,-17.40239503018325,2200.6849315068494,1898.6301369863015,1796.4339215004281,18.37546821489741,17.271617385899646,1,13
harmoniccomplex,56,208.021505034846,25.0,306.6418980054774,313.99072902283933,7.348831017361931,12,-85.73771049906891,-65.71229205757218,20.025418441496726,2243.8356164383563,2545.8904109589043,2084.179165774829,37.26400631421211,20.038112554042957,0,14
harmoniccomplex,57,220.3041294060623,-25.0,325.35427500736967,363.64824144926985,38.29396644190018,12,-50.220468299232486,-51.05654326660237,-0.836074967369882,2028.082191780822,1812.328767123288,2409.5881314212324,22.135421125856283,21.87510636244049,3,18
harmoniccomplex,57,220.3041294060623,-12.5,325.35427500736967,351.60674776695186,26.25247275958219,12,-62.51981979978955,-73.67029626677301,-11.150476466983456,2243.8356164383563,1812.328767123288,1832.7254546701097,22.135421125856283,16.638139826167752,2,14
harmoniccomplex,57,220.3041294060623,0.0,325.35427500736967,350.6628729127569,25.308597905387217,12,-85.80908781382455,-67.08047635280457,18.72861146101998,2200.6849315068494,1812.328767123288,1515.9011743275544,6.937633775684844,13.761895234686783,3,9
harmoniccomplex,57,220.3041294060623,12.5,325.35427500736967,339.36640237818153,14.012127370811868,12,-54.40796140328246,-91.40094638238699,-36.992984979104534,2200.6849315068494,1898.6301369863015,1682.2359736194353,21.015263805650648,15.271942275024315,2,12
harmoniccomplex,57,220.3041294060623,25.0,325.35427500736967,328.8016596176993,3.447384610329607,12,-63.45200387111157,-62.78251893815643,0.6694849329551431,2243.8356164383563,2545.8904109589043,1957.6510528146407,22.135421125856283,17.772259268062275,1,13
harmoniccomplex,72,523.2511306011974,-25.0,769.2359281428139,1123.2062317970451,353.9703036542312,12,-44.71000284708713,-39.9195691507711,4.790433696316029,2028.082191780822,1812.328767123288,706.1580648901257,1.455680115582254,2.6991172062209383,2,19
harmoniccomplex,72,523.2511306011974,-12.5,769.2359281428139,1145.8283294149226,376.59240127210865,12,-43.25378557295705,-37.7510645023003,5.502721070656747,2243.8356164383563,1812.328767123288,429.30122354585853,38.27057470034197,1.6408993633806634,0,16
harmoniccomplex,72,523.2511306011974,0.0,769.2359281428139,1150.162182502384,380.92625435957007,12,-58.485084923954254,-39.91216167498762,18.57292324896663,2200.6849315068494,1812.328767123288,568.5762922731166,4.880110231164508,2.1732443907759635,2,10
harmoniccomplex,72,523.2511306011974,12.5,769.2359281428139,1142.7856389574265,373.5497108146126,12,-47.73154713678668,-43.42521448021988,4.306332656566802,2200.6849315068494,1898.6301369863015,588.9675727739728,4.880110231164508,2.251185093846886,1,13
harmoniccomplex,72,523.2511306011974,25.0,769.2359281428139,1138.123780823005,368.88785268019114,12,-54.0776428936907,-46.54231393820155,7.535328955489149,2243.8356164383563,2545.8904109589043,554.2256795804797,7.6334947559935244,2.1183926690944506,1,13
harmoniccomplex,73,554.3652619537442,-25.0,809.8208143191622,1191.1851869177872,381.364372598625,12,-40.4760527167711,-40.61586511974439,-0.13981240297329123,2028.082191780822,1812.328767123288,596.9919779180938,12.06449325770609,2.1537856676449056,2,19
harmoniccomplex,73,554.3652619537442,-12.5,809.8208143191622,1249.2263741381382,439.40555981897603,12,-49.196814752838314,-37.6201404755336,11.576674277304711,2243.8356164383563,1812.328767123288,344.13289861809733,4.475385273972279,1.2415384665528033,3,13
harmoniccomplex,73,554.3652619537442,0.0,809.8208143191622,1237.2395136444304,427.4186993252682,12,-49.75312784914592,-38.565804154048415,11.187323695097504,2200.6849315068494,1812.328767123288,494.2225648366155,21.015263805650648,1.7830214075637845,1,11
harmoniccomplex,73,554.3652619537442,12.5,809.8208143191622,1226.0082151041254,416.1874007849632,12,-56.1603568357682,-42.321238509333085,13.839118326435113,2200.6849315068494,1898.6301369863015,524.6521363976884,21.015263805650648,1.8928030755342138,1,13
harmoniccomplex,73,554.3652619537442,25.0,809.8208143191622,1206.4816003254803,396.66078600631806,12,-44.731690624595764,-53.9731699666343,-9.241479342038538,2243.8356164383563,2545.8904109589043,489.68681105522273,17.344084439211656,1.766657634100031,2,12
harmoniccomplex,74,587.329535834815,-25.0,857.5575961032617,1271.0258947200905,413.46829861682875,12,-40.970172980566765,-41.007018588272004,-0.03684560770523859,2028.082191780822,1812.328767123288,499.1489547659818,15.755244006849352,1.699723662139703,2,19
harmoniccomplex,74,587.329535834815,-12.5,857.5575961032617,1321.304246985959,463.7466508826973,12,-44.88880862784081,-38.27790481292676,6.610903814914053,2243.8356164383563,1812.328767123288,272.67028892203575,20.255444670377074,0.9285086898770356,2,14
harmoniccomplex,74,587.329535834815,0.0,857.5575961032617,1310.9973788481957,453.43978274493395,12,-41.24849703501972,-39.01897596862417,2.2295210663955487,2200.6849315068494,1812.328767123288,431.6750477133278,20.255444670377074,1.4699585884089963,1,11
harmoniccomplex,74,587.329535834815,12.5,857.5575961032617,1284.3633484477225,426.80575234446076,12,-49.13680242721341,-44.37242311375823,4.76437931345518,2200.6849315068494,1898.6301369863015,452.7498394691782,20.255444670377074,1.5417233830260257,1,13
harmoniccomplex,74,587.329535834815,25.0,857.5575961032617,1251.7159497935604,394.15835369029867,12,-53.810768366503716,-40.409654984506986,13.40111338199673,2243.8356164383563,2545.8904109589043,433.5694162029112,27.395440924658033,1.476409374122985,1,13
harmoniccomplex,89,1396.9129257320162,-25.0,2037.2118268803113,2447.651620321881,410.4397934415699,12,-47.2246315767162,-45.65743469763952,1.5671968790766755,2028.082191780822,1812.328767123288,314.76210669948637,7.924630779109975,0.4506538681135669,2,19
harmoniccomplex,89,1396.9129257320162,-12.5,2037.2118268803113,2545.3108834021814,508.0990565218701,12,-44.701008372422734,-45.837898048244604,-1.1368896758218696,2243.8356164383563,1812.328767123288,368.6034361956871,49.21491063784197,0.527740032189236,0,16
harmoniccomplex,89,1396.9129257320162,0.0,2037.2118268803113,2381.191658096466,343.97983121615493,12,-50.31772795470628,-46.76354446883112,3.554183485875157,2200.6849315068494,1812.328767123288,392.05073108411807,6.064225706335492,0.5613101917267663,1,11
harmoniccomplex,89,1396.9129257320162,12.5,2037.2118268803113,2399.7568172033784,362.54499032306717,12,-47.41698639184276,-46.19141088736489,1.2255755044778738,2200.6849315068494,1898.6301369863015,367.5643327268836,6.064225706335492,0.5262523181740495,1,13
harmoniccomplex,89,1396.9129257320162,25.0,2037.2118268803113,2342.7716658565073,305.55983897619603,12,-47.533374614299454,-45.08794586767205,2.4454287466274067,2243.8356164383563,2545.8904109589043,421.64592251712304,49.21491063784197,0.6036824697518929,0,14
harmoniccomplex,90,1479.9776908465376,-25.0,2167.037373238573,2463.110987657111,296.073614418538,12,-53.93266809946937,-46.450873253040655,7.481794846428713,2028.082191780822,1812.328767123288,391.2746637771118,1.12015732020609,0.5287575160045895,1,20
harmoniccomplex,90,1479.9776908465376,-12.5,2167.037373238573,2595.0763593152747,428.0389860767018,12,-45.63263723331526,-45.67822066864978,-0.04558343533452103,2243.8356164383563,1812.328767123288,399.6150529417273,66.69739940068575,0.54002848206874,0,16
harmoniccomplex,90,1479.9776908465376,0.0,2167.037373238573,2392.3157648261727,225.2783915875998,12,-47.860860800360136,-48.196016856524494,-0.33515605616435806,2200.6849315068494,1812.328767123288,357.720161333476,19.603970462328107,0.4834129102701033,1,11
harmoniccomplex,90,1479.9776908465376,12.5,2167.037373238573,2316.127012925473,149.08963968690023,12,-52.972114932112824,-46.247268366546514,6.72484656556631,2200.6849315068494,1898.6301369863015,349.5279323630136,8.121749250854919,0.47234216370259735,1,13
harmoniccomplex,90,1479.9776908465376,25.0,2167.037373238573,2284.4322795047265,117.39490626615361,12,-48.34628622029161,-46.85609210682684,1.4901941134647672,2243.8356164383563,2545.8904109589043,404.0487478595892,63.87481271404113,0.5460200520029136,0,14
harmoniccomplex,91,1567.981743926997,-25.0,2291.935784257886,2639.6742523356884,347.7384680778023,12,-49.489765786222456,-47.420292984641556,2.0694728015809005,2028.082191780822,1812.328767123288,469.53546839326475,91.58096104451943,0.5989042540984146,0,21
harmoniccomplex,91,1567.981743926997,-12.5,2291.935784257886,2637.884340841828,345.9485565839418,12,-47.722399494920076,-48.11659341329161,-0.39419391837153483,2243.8356164383563,1812.328767123288,439.3666030674765,25.870558647259713,0.5604231104975579,1,15
harmoniccomplex,91,1567.981743926997,0.0,2291.935784257886,2493.182362370932,201.24657811304587,12,-50.712617283037694,-45.729433374195466,4.9831839088422285,2200.6849315068494,1812.328767123288,442.6464698826339,132.09185038527357,0.5646066627970164,0,12
harmoniccomplex,91,1567.981743926997,12.5,2291.935784257886,2420.109529561443,128.1737453035571,12,-49.03645982920693,-45.054073672014965,3.982386157191968,2200.6849315068494,1898.6301369863015,426.45338586258555,34.175098994006476,0.5439519784133923,0,14
harmoniccomplex,91,1567.981743926997,25.0,2291.935784257886,2343.004392369865,51.06860811197885,12,-50.01667305036377,-43.47227274521952,6.544400305144251,2243.8356164383563,2545.8904109589043,359.8998822773971,14.255177119006476,0.45906131709930625,1,13
harmoniccomplex,106,1864.6550460723593,-25.0,5441.812633347391,4396.3474332444275,-1045.4652001029635,12,-57.33543893207866,-48.92397451800646,8.4114644140722,2028.082191780822,1812.328767123288,441.3830042451483,4.855294841609066,0.47342054518326193,2,19
harmoniccomplex,106,1864.6550460723593,-12.5,5441.812633347391,4215.449773959833,-1226.3628593875583,12,-52.43243203862641,-47.27520962446404,5.157222414162369,2243.8356164383563,1812.328767123288,407.6025064546768,1.0313837756857538,0.4371881086673224,2,14
harmoniccomplex,106,1864.6550460723593,0.0,5441.812633347391,4246.948057011274,-1194.8645763361174,12,-50.07500389825078,-47.67492983708931,2.400074061161469,2200.6849315068494,1812.328767123288,419.23064488798497,22.091034353596115,0.44966026908948864,1,11
harmoniccomplex,106,1864.6550460723593,12.5,5441.812633347391,4395.669349955472,-1046.1432833919189,12,-48.91714038002766,-51.06652299824445,-2.1493826182167908,2200.6849315068494,1898.6301369863015,516.5323335830478,27.148691673801522,0.5540245469756485,1,13
harmoniccomplex,106,1864.6550460723593,25.0,5441.812633347391,4593.745252014818,-848.067381332573,12,-50.582411308916,-53.385589478984464,-2.8031781700684633,2243.8356164383563,2545.8904109589043,384.9127113655822,17.23573951198705,0.41285138736663185,2,12
harmoniccomplex,107,1975.533205024497,-25.0,5767.18795182612,4937.309910501811,-829.8780413243094,11,-50.68430125244041,-48.72121981738955,1.96308143505086,2028.082191780822,1812.328767123288,472.3405126284247,79.99039490582209,0.4781904059391071,0,21
harmoniccomplex,107,1975.533205024497,-12.5,5767.18795182612,4738.905499953508,-1028.282451872612,11,-49.99475715005286,-50.92396886810852,-0.9292117180556545,2243.8356164383563,1812.328767123288,430.6994536935466,79.99039490582209,0.43603362636286935,0,16
harmoniccomplex,107,1975.533205024497,0.0,5767.18795182612,4596.690292332548,-1170.4976594935724,11,-49.223559393991955,-49.65448885182475,-0.43092945783279646,2200.6849315068494,1812.328767123288,433.3329732537815,36.839709974315156,0.43869976181788156,0,12
harmoniccomplex,107,1975.533205024497,12.5,5767.18795182612,4874.644504912788,-892.5434469133324,11,-52.99283752509198,-49.89066743233454,3.10217009275744,2200.6849315068494,1898.6301369863015,460.46996066994876,49.46165988869848,0.46617283829885187,0,14
harmoniccomplex,107,1975.533205024497,25.0,5767.18795182612,4766.616164291911,-1000.5717875342089,11,-48.925179683252765,-47.2606900968492,1.6644895864035618,2243.8356164383563,2545.8904109589043,476.6058633882704,6.310974957191547,0.4825085826713405,1,13
harmoniccomplex,108,1396.9129257320162,-25.0,6060.078887919263,5903.1096070916565,-156.96928082760678,12,-47.2246315767162,-45.65743469763952,1.5671968790766755,2028.082191780822,1812.328767123288,315.8044244078197,7.924630779109975,0.45214618404698426,2,19
harmoniccomplex,108,1396.9129257320162,-12.5,6060.078887919263,5531.04120621925,-529.0376817000133,12,-44.701008372422734,-45.837898048244604,-1.1368896758218696,2243.8356164383563,1812.328767123288,369.9714781878746,38.27057470034197,0.5296986968518465,0,16
harmoniccomplex,108,1396.9129257320162,0.0,6060.078887919263,5076.609528642988,-983.4693592762751,12,-50.31772795470628,-46.76354446883112,3.554183485875157,2200.6849315068494,1812.328767123288,394.6881387788955,4.880110231164508,0.5650862433992718,1,11
harmoniccomplex,108,1396.9129257320162,12.5,6060.078887919263,5204.218696178839,-855.8601917404239,12,-47.41698639184276,-46.19141088736489,1.2255755044778738,2200.6849315068494,1898.6301369863015,370.60670617508566,4.880110231164508,0.530608170843403,1,13
harmoniccomplex,108,1396.9129257320162,25.0,6060.078887919263,4884.637685042068,-1175.4412028771949,12,-47.533374614299454,-45.08794586767205,2.4454287466274067,2243.8356164383563,2545.8904109589043,425.55461392337304,38.27057470034197,0.6092786545022084,0,14
