stimulus,spectral_centroid_hz
stim102_crumpling_paper.wav,5702.642235695911
stim103_crying.wav,3212.1522862966835
stim105_cutting_with_scissors.wav,4000.22591500941
stim107_dial_tone.wav,731.1306696976727
stim108_telephone_dialing.wav,4772.730404789149
stim114_dishes_clanking.wav,3876.3799144670193
stim116_dog_barking.wav,2727.189269979333
stim117_dog_drinking.wav,3583.3712500081037
stim118_puppy_whining.wav,3193.48182674276
stim11_baby_crying.wav,2856.7906533433647
stim124_doorbell.wav,1827.0961925120257
stim12_background_speech.wav,1654.1521701738266
stim132_water_dripping.wav,6873.960682027713
stim136_drum_roll.wav,3320.0674567545752
stim137_drum_solo.wav,2969.5749976829525
stim138_duck_quack.wav,2284.2342082037017
stim140_electric_hand_drill.wav,5903.2784059685855
stim150_finger_tapping.wav,2505.454167303432
stim155_flag_flapping.wav,1602.4735776742125
stim156_wings_flapping.wav,4885.829523678857
stim158_flushing.wav,3022.741251710272
stim162_frog_croaking.wav,2291.8856238016733
stim163_frying.wav,7892.613296931208
stim167_gargling.wav,1424.4212349314719
stim172_geese.wav,2820.693015034033
stim174_girl_speaking.wav,2387.7136658479158
stim182_grunting_and_groaning.wav,1978.8087558896177
stim183_guitar.wav,2050.5820567589635
stim185_hair_dryer.wav,3173.1198832979485
stim186_hammering.wav,2399.8508785819577
stim18_basketball_dribbling.wav,2193.4083457997017
stim193_heavy_metal_music.wav,4631.602074056106
stim194_helicopter.wav,1033.3269970790823
stim197_road_traffic.wav,1958.1900246054236
stim19_electric_bass.wav,1087.323386699506
stim200_humming.wav,956.0640920999953
stim209_kettle_whistling.wav,3717.1219001523937
stim211_keys_jingling.wav,7806.487868771409
stim215_door_knocking.wav,807.8308588934415
stim221_laughing.wav,2156.949266279632
stim224_walking_on_leaves.wav,4239.908472340896
stim232_man_speaking.wav,2957.815269809581
stim236_microwave_running.wav,1605.7261901722331
stim238_baby_talk.wav,2392.7424959888963
stim23_bees_buzzing.wav,2982.459148611885
stim240_motorcycle_reving.wav,831.9685715749864
stim246_newspaper_rustling.wav,4054.895719035129
stim254_orchestra_music.wav,1603.3108049478467
stim25_bike_bell.wav,7397.655877520471
stim268_piano.wav,683.6190706814848
stim273_airplane_taking_off.wav,2094.8511676695657
stim276_pouring_liquid.wav,2475.7324536115484
stim277_pouring_water_out_of_bottle.wav,3325.1683540077674
stim279_printing.wav,6878.291730982058
stim283_contemporary_rb.wav,2669.8829164317144
stim285_radio_or_tv_static.wav,2677.383529384783
stim289_rap_song.wav,2466.6294947036176
stim28_big_band_music.wav,2310.3762375723204
stim292_crow.wav,2891.9809563038298
stim293_whistle.wav,3165.1284485093233
stim296_rock_guitar_solo.wav,3185.499831917774
stim298_contemporary_rock_song.wav,3615.7237183487086
stim29_biting_and_chewing.wav,4305.081711880377
stim309_running_up_stairs.wav,2621.3617167105735
stim312_wind.wav,766.2028050271291
stim315_saxophone_jazz_solo.wav,2796.942252132295
stim317_horror_film_sound_effects.wav,1602.1686224021867
stim318_school_bell.wav,8718.058868705133
stim31_blender.wav,3724.773582945666
stim320_scratching.wav,10254.740870494223
stim321_scream.wav,2402.871532491234
stim329_electric_shaver.wav,5925.171885098489
stim332_angry_shouting.wav,2159.6873514143376
stim334_shuffling_cards.wav,3845.5351068318723
stim337_siren.wav,1598.972768181001
stim33_bluegrass.wav,2264.2399503874453
stim347_songbird.wav,2766.5391316790656
stim349_water_splashing.wav,5720.289084604251
stim34_blues_band.wav,2449.4603164475534
stim352_spraying.wav,11780.796153161076
stim358_swimming.wav,2429.524593916488
stim35_boiling_water.wav,2374.923698388329
stim360_cymbal_crash.wav,4377.088645712071
stim364_tearing.wav,7897.269654087599
stim365_techno.wav,3268.545180014176
stim366_telephone_ringing.wav,8211.175954391361
stim368_thunder.wav,1373.4929453391317
stim370_toothbrushing.wav,7590.229015725749
stim371_squeaky_toy.wav,4812.763977734016
stim373_train_warning_bell.wav,2360.357169620642
stim375_train_whistle.wav,1662.3792789534614
stim383_truck_beeping_while_backing_up.wav,1675.6488418501515
stim384_trumpet_jazz_solo.wav,1568.2016956064315
stim387_typing.wav,3457.4630946778366
stim38_boy_speaking.wav,3789.837156438338
stim391_vacuum.wav,4089.4132431572025
stim392_velcro.wav,8630.618563619551
stim393_video_game_music.wav,3672.7587802941516
stim394_violin.wav,1816.2302320285626
stim398_walking_on_gravel.wav,5643.043607465733
stim399_walking_on_hard_surface.wav,4550.592198325902
stim401_walking_with_heels.wav,6076.284196672937
stim405_whispering.wav,4420.175484894028
stim406_whistling.wav,4661.493833357083
stim411_car_power_windows.wav,2318.5261392988414
stim414_woman_speaking.wav,3005.0473720432865
stim418_writing_on_paper.wav,8089.339540611307
stim41_breathing.wav,3950.9810952488556
stim420_zipper.wav,2682.1577058846874
stim422_baby_babbling.wav,2648.792436869689
stim434_classic_rock.wav,2767.5503755922346
stim437_contemporary_pop_song.wav,3927.109240666565
stim461_latin_music.wav,2510.5608863546454
stim465_song_from_a_musical.wav,2411.2689531163537
stim475_punk_music.wav,2314.3956643194592
stim477_reggae.wav,3119.0467628369474
stim480_rubbing_hands.wav,6531.214913105626
stim484_soundtrack_for_a_sad_movie_scene.wav,742.5429791242381
stim485_soul_music.wav,2945.1509694795755
stim486_sports_arena_buzzer.wav,2833.176463453646
stim488_busy_signal.wav,1600.4637685817565
stim490_soundtrack_from_a_western.wav,1953.5429573593756
stim498_computer_startup_sound.wav,1383.568468671271
stim501_spanish.wav,2386.3286013310976
stim502_french.wav,3770.303413728913
stim503_italian.wav,1885.0750439394444
stim504_german.wav,3013.6345828143512
stim505_chinese.wav,3395.733416135957
stim506_hindi.wav,2345.5776524097078
stim508_russian.wav,2290.221961909449
stim50_camera_snapping_photos.wav,8277.695360635063
stim510_crowd_laughing.wav,2581.5804536663845
stim512_heart_beat.wav,1199.3549763119447
stim513_running_water.wav,5990.908272059566
stim515_sports_anouncer.wav,2269.0607019015606
stim516_stream.wav,2555.05071585481
stim517_soundtrack_from_an_action_scene.wav,2477.9931314131272
stim51_car_accelerating.wav,2288.713290758394
stim523_computer-synthesized_speech.wav,2882.85943755456
stim524_cartoon_sound_effects.wav,1556.3326864765047
stim525_dog_panting.wav,2366.2763703276955
stim527_ringtone.wav,1388.8818900753254
stim52_car_alarm.wav,2661.3928355527464
stim59_car_engine_starting.wav,2143.0514791665946
stim5_alarm_clock.wav,2983.5835641675712
stim60_car_horn.wav,2156.769109508774
stim62_car_skidding.wav,1760.4995111084436
stim66_cash_register.wav,6296.620184575827
stim68_cat_meowing.wav,2081.724784695866
stim69_cat_purring.wav,812.5344596580081
stim71_cellphone_vibrating.wav,2676.2407264863136
stim72_cello.wav,969.2316472768556
stim76_chair_rolling.wav,1787.868720840162
stim78_chimes_in_the_wind.wav,3878.7161587576707
stim7_applause.wav,3189.4298212539757
stim80_chopping_food.wav,3769.701277103086
stim82_church_bells.wav,1251.332126256368
stim83_cicadas.wav,6105.731622418133
stim86_clock_ticking.wav,6756.506183810973
stim88_coin_dropping.wav,7244.343251795075
stim89_coin_in_vending_machine.wav,4481.845477870828
stim91_coughing.wav,3028.209074631991
stim92_country_song.wav,2594.4664432326276
stim97_crickets.wav,5923.4955751438865
stim98_crowd_cheering.wav,2858.0950466464233
