filename,true_azim,true_elev,pred_azim,pred_elev
chord_flute_55.wav,74.99999821186066,40.000001192092896,51.27675533294678,33.58806252479553
chord_flute_55.wav,45.0,60.0,26.699389815330505,34.67862367630005
chord_flute_55.wav,30.00000089406967,49.999998807907104,43.01557570695877,43.026169538497925
chord_flute_55.wav,5.000000037252903,40.000001192092896,18.16455379128456,35.86026906967163
chord_flute_55.wav,84.99999761581421,40.000001192092896,44.913992285728455,23.19442927837372
chord_flute_55.wav,64.9999988079071,0.0,57.99062490463257,8.942918479442596
chord_flute_55.wav,64.9999988079071,10.000000298023224,59.967772364616394,24.83165144920349
chord_flute_55.wav,35.00000059604645,10.000000298023224,50.6230366230011,40.66748857498169
chord_flute_55.wav,5.000000037252903,0.0,14.87983614206314,33.0850625038147
chord_flute_55.wav,90.0,49.999998807907104,47.18148350715637,44.41693425178528
chord_flute_55.wav,90.0,60.0,46.01978659629822,51.65599465370178
chord_flute_55.wav,64.9999988079071,30.0,57.90473520755768,30.951422452926636
chord_flute_55.wav,30.00000089406967,10.000000298023224,53.01008462905884,28.33213448524475
chord_flute_55.wav,84.99999761581421,20.000000596046448,67.71663129329681,20.101683139801025
chord_flute_55.wav,90.0,0.0,52.41526186466217,29.23828125
chord_flute_55.wav,74.99999821186066,30.0,55.137982964515686,26.62786602973938
chord_flute_55.wav,74.99999821186066,40.000001192092896,72.38741934299469,40.78236222267151
chord_flute_55.wav,70.0000011920929,40.000001192092896,53.09341013431549,23.74208092689514
chord_flute_55.wav,50.00000238418579,20.000000596046448,40.85834741592407,48.9797043800354
chord_flute_55.wav,50.00000238418579,10.000000298023224,36.12073481082916,14.954466819763184
chord_flute_55.wav,35.00000059604645,0.0,35.26580482721329,24.473737478256226
chord_flute_55.wav,10.000000074505806,60.0,26.3188835978508,47.84050226211548
chord_flute_55.wav,60.00000178813934,10.000000298023224,54.007169008255005,27.479068636894226
chord_flute_55.wav,20.000000149011612,40.000001192092896,55.42031764984131,52.65421271324158
chord_flute_55.wav,15.000000447034836,20.000000596046448,8.278345093131065,34.15200591087341
chord_flute_55.wav,45.0,40.000001192092896,43.840073347091675,41.464269161224365
chord_flute_55.wav,30.00000089406967,49.999998807907104,60.761003494262695,46.99778079986572
chord_flute_55.wav,84.99999761581421,20.000000596046448,26.567376852035522,34.88333702087402
chord_flute_55.wav,74.99999821186066,49.999998807907104,41.415707767009735,40.06849765777588
chord_flute_55.wav,15.000000447034836,10.000000298023224,24.13182109594345,40.7833993434906
chord_flute_55.wav,80.00000059604645,10.000000298023224,41.293372213840485,22.267016172409058
chord_flute_55.wav,60.00000178813934,49.999998807907104,25.298501551151276,26.86603546142578
chord_flute_55.wav,25.000001192092896,20.000000596046448,26.155461966991425,16.068960428237915
chord_flute_55.wav,10.000000074505806,0.0,22.090583592653275,49.22130346298218
chord_flute_55.wav,25.000001192092896,20.000000596046448,43.63045871257782,44.26921606063843
chord_flute_55.wav,20.000000149011612,0.0,45.05719006061554,37.73319482803345
chord_flute_55.wav,45.0,60.0,29.638286232948303,51.50766849517822
chord_flute_55.wav,20.000000149011612,20.000000596046448,34.48954939842224,32.57791757583618
chord_flute_55.wav,64.9999988079071,30.0,27.034440636634827,32.07538604736328
chord_flute_55.wav,64.9999988079071,60.0,28.318853974342346,40.60447454452515
chord_flute_55.wav,90.0,0.0,54.99003231525421,18.657878637313843
chord_flute_55.wav,80.00000059604645,30.0,45.86591899394989,38.47480058670044
chord_flute_55.wav,54.99999940395355,20.000000596046448,41.876602470874786,26.599738597869873
chord_flute_55.wav,40.000000298023224,60.0,28.008463382720947,33.394596576690674
chord_flute_55.wav,45.0,10.000000298023224,40.59439390897751,33.7866997718811
chord_flute_55.wav,60.00000178813934,60.0,41.233923733234406,38.17980408668518
chord_flute_55.wav,74.99999821186066,20.000000596046448,64.72872018814087,22.242549061775208
chord_flute_55.wav,70.0000011920929,60.0,62.638394236564636,51.47052884101868
chord_flute_55.wav,45.0,30.0,57.93536603450775,29.22710359096527
chord_flute_55.wav,5.000000037252903,0.0,15.760351717472076,27.799344062805176
chord_flute_55.wav,30.00000089406967,60.0,17.105514407157898,21.616251468658447
chord_flute_55.wav,80.00000059604645,60.0,51.838114857673645,54.97300386428833
chord_flute_55.wav,64.9999988079071,10.000000298023224,48.58508348464966,11.892580389976501
chord_flute_55.wav,40.000000298023224,20.000000596046448,57.293846011161804,37.6106321811676
chord_flute_55.wav,70.0000011920929,10.000000298023224,55.763962268829346,16.430668830871582
chord_flute_55.wav,70.0000011920929,40.000001192092896,26.211732029914856,22.0533549785614
chord_flute_55.wav,80.00000059604645,60.0,50.923020243644714,39.78283882141113
chord_flute_55.wav,20.000000149011612,20.000000596046448,54.04520809650421,24.24448013305664
chord_flute_55.wav,64.9999988079071,0.0,44.19645309448242,28.189730644226074
chord_flute_55.wav,54.99999940395355,49.999998807907104,50.64591586589813,52.4468994140625
chord_flute_55.wav,45.0,40.000001192092896,54.172924160957336,52.45063662528992
chord_flute_55.wav,45.0,0.0,63.629470467567444,26.410006284713745
chord_flute_55.wav,90.0,30.0,39.055280685424805,30.626678466796875
chord_flute_55.wav,40.000000298023224,40.000001192092896,55.56806445121765,48.499943017959595
chord_flute_55.wav,50.00000238418579,60.0,29.10270005464554,44.89091634750366
chord_flute_55.wav,5.000000037252903,20.000000596046448,8.081324771046638,30.19588351249695
chord_flute_55.wav,45.0,10.000000298023224,38.07043790817261,29.230563640594482
chord_flute_55.wav,5.000000037252903,20.000000596046448,2.3720869794487953,21.488728523254395
chord_flute_55.wav,54.99999940395355,10.000000298023224,45.36373436450958,27.558395862579346
chord_flute_55.wav,40.000000298023224,0.0,32.21581667661667,55.229326486587524
chord_flute_55.wav,74.99999821186066,30.0,52.0974200963974,27.958985567092896
chord_flute_55.wav,54.99999940395355,30.0,48.6018043756485,33.375821113586426
chord_flute_55.wav,74.99999821186066,30.0,49.800429940223694,34.962472915649414
chord_flute_55.wav,64.9999988079071,20.000000596046448,64.23578381538391,30.813539028167725
chord_flute_55.wav,20.000000149011612,10.000000298023224,56.33688747882843,39.726104736328125
chord_flute_55.wav,20.000000149011612,49.999998807907104,20.68768098950386,44.670188426971436
chord_flute_55.wav,35.00000059604645,30.0,63.55715811252594,38.884220123291016
chord_flute_55.wav,35.00000059604645,40.000001192092896,55.183215737342834,48.77066731452942
chord_flute_55.wav,45.0,40.000001192092896,23.36491048336029,46.85030937194824
chord_flute_55.wav,5.000000037252903,30.0,10.840940326452255,41.86739444732666
chord_flute_55.wav,30.00000089406967,60.0,21.008793711662292,42.064504623413086
chord_flute_55.wav,80.00000059604645,0.0,42.13305115699768,25.21451711654663
chord_flute_55.wav,40.000000298023224,20.000000596046448,60.76670050621033,46.08190655708313
chord_flute_55.wav,84.99999761581421,10.000000298023224,61.964483857154846,13.215710520744324
chord_flute_55.wav,45.0,0.0,38.98165673017502,18.981853723526
chord_flute_55.wav,0.0,40.000001192092896,3.4787174686789513,34.27415370941162
chord_flute_55.wav,0.0,49.999998807907104,13.766909837722778,29.73155379295349
chord_flute_55.wav,0.0,30.0,4.573005773127079,27.629209756851196
chord_flute_55.wav,64.9999988079071,20.000000596046448,23.896290957927704,28.91600489616394
chord_flute_55.wav,74.99999821186066,10.000000298023224,51.277581453323364,16.7998605966568
chord_flute_55.wav,80.00000059604645,0.0,33.675445318222046,30.23433566093445
chord_flute_55.wav,10.000000074505806,0.0,19.167536348104477,38.12361001968384
chord_flute_55.wav,70.0000011920929,0.0,29.679501056671143,29.74372386932373
chord_flute_55.wav,74.99999821186066,60.0,60.95890760421753,57.226163148880005
chord_flute_55.wav,80.00000059604645,20.000000596046448,70.4842472076416,35.35057783126831
chord_flute_55.wav,10.000000074505806,40.000001192092896,13.183000981807709,36.087563037872314
chord_flute_55.wav,60.00000178813934,40.000001192092896,66.1875307559967,41.554545164108276
chord_flute_55.wav,50.00000238418579,49.999998807907104,64.21709954738617,38.12220811843872
chord_flute_55.wav,54.99999940395355,20.000000596046448,38.12239229679108,28.799248337745667
chord_flute_55.wav,90.0,49.999998807907104,39.059797525405884,32.50746488571167
chord_flute_55.wav,80.00000059604645,60.0,47.63320505619049,61.55691146850586
chord_flute_55.wav,50.00000238418579,10.000000298023224,29.884475469589233,27.27478265762329
chord_flute_55.wav,80.00000059604645,30.0,46.32027983665466,20.398753881454468
chord_flute_55.wav,35.00000059604645,40.000001192092896,48.04123878479004,49.85998749732971
chord_flute_55.wav,80.00000059604645,60.0,51.44300401210785,52.306623458862305
chord_flute_55.wav,45.0,30.0,47.58804738521576,52.515467405319214
chord_flute_55.wav,10.000000074505806,60.0,17.982682585716248,41.80581092834473
chord_flute_55.wav,64.9999988079071,49.999998807907104,47.506020069122314,41.366779804229736
chord_flute_55.wav,25.000001192092896,40.000001192092896,42.78540998697281,36.62076473236084
chord_flute_55.wav,15.000000447034836,40.000001192092896,22.0804300904274,54.01013731956482
chord_flute_55.wav,35.00000059604645,0.0,41.92377179861069,30.02209782600403
chord_flute_55.wav,80.00000059604645,49.999998807907104,45.08561074733734,29.66881513595581
chord_flute_55.wav,5.000000037252903,0.0,5.099755078554153,34.49585795402527
chord_flute_55.wav,10.000000074505806,10.000000298023224,27.487599849700928,47.067493200302124
chord_flute_55.wav,60.00000178813934,30.0,51.09893023967743,27.560884952545166
chord_flute_55.wav,45.0,30.0,66.39903366565704,39.09527778625488
chord_flute_55.wav,10.000000074505806,0.0,21.84564560651779,46.86299443244934
chord_flute_55.wav,5.000000037252903,30.0,25.63144952058792,39.83672261238098
chord_flute_55.wav,64.9999988079071,30.0,64.36298489570618,21.325289011001587
chord_flute_55.wav,45.0,30.0,45.335952043533325,42.216503620147705
chord_flute_55.wav,5.000000037252903,49.999998807907104,17.407198548316956,37.989503145217896
chord_flute_55.wav,60.00000178813934,49.999998807907104,34.54169154167175,44.92947220802307
chord_flute_55.wav,54.99999940395355,30.0,73.79826128482819,36.83000564575195
chord_flute_55.wav,80.00000059604645,20.000000596046448,51.46402716636658,20.213778018951416
chord_flute_55.wav,90.0,40.000001192092896,73.60544264316559,38.695478439331055
chord_flute_55.wav,60.00000178813934,60.0,43.83327662944794,55.52552103996277
chord_flute_55.wav,45.0,0.0,51.07196867465973,15.278132557868958
chord_flute_55.wav,35.00000059604645,10.000000298023224,22.931902706623077,34.074554443359375
chord_flute_55.wav,5.000000037252903,10.000000298023224,37.33410984277725,40.077524185180664
chord_flute_56.wav,54.99999940395355,30.0,35.23239254951477,38.38727116584778
chord_flute_56.wav,84.99999761581421,60.0,31.210269927978516,37.38372087478638
chord_flute_56.wav,50.00000238418579,40.000001192092896,31.390482187271118,47.42859363555908
chord_flute_56.wav,25.000001192092896,60.0,31.228946149349213,47.17894792556763
chord_flute_56.wav,84.99999761581421,49.999998807907104,52.45246410369873,34.515488147735596
chord_flute_56.wav,70.0000011920929,20.000000596046448,42.87931680679321,22.46174454689026
chord_flute_56.wav,74.99999821186066,49.999998807907104,43.30740809440613,25.977782607078552
chord_flute_56.wav,60.00000178813934,30.0,39.50880467891693,37.44962453842163
chord_flute_56.wav,45.0,49.999998807907104,39.70524162054062,49.584224224090576
chord_flute_56.wav,30.00000089406967,10.000000298023224,68.8824588060379,61.38622283935547
chord_flute_56.wav,0.0,40.000001192092896,10.25271512567997,36.34015917778015
chord_flute_56.wav,5.000000037252903,20.000000596046448,15.96102386713028,36.96382999420166
chord_flute_56.wav,10.000000074505806,40.000001192092896,36.9760000705719,45.52933216094971
chord_flute_56.wav,35.00000059604645,40.000001192092896,64.67924952507019,31.20642900466919
chord_flute_56.wav,20.000000149011612,30.0,29.39242422580719,48.401827812194824
chord_flute_56.wav,50.00000238418579,40.000001192092896,34.246892631053925,43.902937173843384
chord_flute_56.wav,50.00000238418579,60.0,34.478520154953,37.1643590927124
chord_flute_56.wav,74.99999821186066,10.000000298023224,32.95065075159073,35.58990955352783
chord_flute_56.wav,35.00000059604645,40.000001192092896,38.74346852302551,30.747814178466797
chord_flute_56.wav,60.00000178813934,40.000001192092896,29.919864535331726,35.00941872596741
chord_flute_56.wav,30.00000089406967,0.0,62.166250348091125,32.56120204925537
chord_flute_56.wav,70.0000011920929,49.999998807907104,68.23655605316162,48.96326422691345
chord_flute_56.wav,40.000000298023224,0.0,43.91415059566498,35.129849910736084
chord_flute_56.wav,0.0,49.999998807907104,34.24981087446213,43.880428075790405
chord_flute_56.wav,35.00000059604645,0.0,52.782440185546875,22.184053659439087
chord_flute_56.wav,64.9999988079071,10.000000298023224,10.0705636292696,28.136102557182312
chord_flute_56.wav,25.000001192092896,10.000000298023224,35.54642826318741,46.64314270019531
chord_flute_56.wav,5.000000037252903,49.999998807907104,6.418464481830597,39.40597057342529
chord_flute_56.wav,30.00000089406967,20.000000596046448,51.78264677524567,24.50066328048706
chord_flute_56.wav,50.00000238418579,0.0,52.57400035858154,29.970309734344482
chord_flute_56.wav,35.00000059604645,60.0,0.37977762054651976,45.3071665763855
chord_flute_56.wav,60.00000178813934,10.000000298023224,32.22827285528183,17.11990177631378
chord_flute_56.wav,54.99999940395355,60.0,26.954875588417053,35.08781433105469
chord_flute_56.wav,60.00000178813934,30.0,61.252174973487854,50.14699101448059
chord_flute_56.wav,60.00000178813934,30.0,50.350685119628906,36.46841526031494
chord_flute_56.wav,54.99999940395355,60.0,43.85712414979935,42.50710129737854
chord_flute_56.wav,35.00000059604645,49.999998807907104,42.29029029607773,48.018858432769775
chord_flute_56.wav,50.00000238418579,0.0,23.71213585138321,15.699500441551208
chord_flute_56.wav,60.00000178813934,0.0,24.65270608663559,15.367156863212585
chord_flute_56.wav,74.99999821186066,0.0,32.6869010925293,19.741863012313843
chord_flute_56.wav,15.000000447034836,49.999998807907104,50.435829162597656,43.99276256561279
chord_flute_56.wav,45.0,30.0,28.149359822273254,34.10484552383423
chord_flute_56.wav,10.000000074505806,0.0,50.10881960391998,53.32084894180298
chord_flute_56.wav,25.000001192092896,49.999998807907104,32.954859137535095,48.22006702423096
chord_flute_56.wav,35.00000059604645,49.999998807907104,42.27709919214249,38.560030460357666
chord_flute_56.wav,64.9999988079071,10.000000298023224,26.027794182300568,21.399035453796387
chord_flute_56.wav,70.0000011920929,40.000001192092896,26.646762192249298,35.30692934989929
chord_flute_56.wav,70.0000011920929,49.999998807907104,46.74682080745697,30.117838382720947
chord_flute_56.wav,30.00000089406967,10.000000298023224,20.671425461769104,35.43135166168213
chord_flute_56.wav,25.000001192092896,60.0,30.35077214241028,38.11323881149292
chord_flute_56.wav,80.00000059604645,10.000000298023224,47.36699044704437,36.33033514022827
chord_flute_56.wav,15.000000447034836,60.0,22.580546736717224,44.38008427619934
chord_flute_56.wav,35.00000059604645,10.000000298023224,53.06242525577545,31.902930736541748
chord_flute_56.wav,50.00000238418579,40.000001192092896,16.434849500656128,39.51333045959473
chord_flute_56.wav,40.000000298023224,60.0,70.30466258525848,50.88015675544739
chord_flute_56.wav,15.000000447034836,20.000000596046448,17.725144922733307,59.26581144332886
chord_flute_56.wav,10.000000074505806,60.0,24.16497051715851,40.58064579963684
chord_flute_56.wav,60.00000178813934,20.000000596046448,36.023290157318115,29.54685688018799
chord_flute_56.wav,15.000000447034836,60.0,14.935894310474396,44.063472747802734
chord_flute_56.wav,60.00000178813934,10.000000298023224,73.59632849693298,38.285558223724365
chord_flute_56.wav,60.00000178813934,49.999998807907104,35.93619346618652,32.084248065948486
chord_flute_56.wav,45.0,0.0,57.30015456676483,35.49891114234924
chord_flute_56.wav,74.99999821186066,49.999998807907104,53.78113389015198,36.47924065589905
chord_flute_56.wav,5.000000037252903,30.0,10.498364567756653,42.90423631668091
chord_flute_56.wav,54.99999940395355,10.000000298023224,51.40532970428467,17.3610520362854
chord_flute_56.wav,60.00000178813934,30.0,27.666524648666382,17.272138595581055
chord_flute_56.wav,84.99999761581421,20.000000596046448,59.13986027240753,24.157025814056396
chord_flute_56.wav,15.000000447034836,49.999998807907104,27.254671454429626,51.63534164428711
chord_flute_56.wav,25.000001192092896,49.999998807907104,40.82387030124664,53.281463384628296
chord_flute_56.wav,74.99999821186066,30.0,57.97286868095398,19.941197633743286
chord_flute_56.wav,30.00000089406967,0.0,51.61257326602936,39.52078342437744
chord_flute_56.wav,15.000000447034836,30.0,11.929044127464294,37.35493540763855
chord_flute_56.wav,15.000000447034836,49.999998807907104,16.71903222799301,47.64851689338684
chord_flute_56.wav,64.9999988079071,60.0,37.9496955871582,34.5805299282074
chord_flute_56.wav,84.99999761581421,60.0,55.736732482910156,48.19183588027954
chord_flute_56.wav,60.00000178813934,49.999998807907104,44.267048835754395,39.65275526046753
chord_flute_56.wav,64.9999988079071,60.0,47.90763258934021,34.00363326072693
chord_flute_56.wav,15.000000447034836,30.0,24.12270963191986,41.852195262908936
chord_flute_56.wav,60.00000178813934,49.999998807907104,36.069236397743225,38.505975008010864
chord_flute_56.wav,40.000000298023224,60.0,30.889855921268463,27.728404998779297
chord_flute_56.wav,0.0,60.0,16.770922243595123,34.9336838722229
chord_flute_56.wav,64.9999988079071,40.000001192092896,70.09580433368683,39.264843463897705
chord_flute_56.wav,5.000000037252903,49.999998807907104,33.28785538673401,41.83160662651062
chord_flute_56.wav,10.000000074505806,49.999998807907104,14.429860711097717,38.73568654060364
chord_flute_56.wav,45.0,40.000001192092896,39.033286571502686,19.107661843299866
chord_flute_56.wav,5.000000037252903,40.000001192092896,13.330246210098267,40.94358444213867
chord_flute_56.wav,64.9999988079071,0.0,43.38874340057373,16.69511318206787
chord_flute_56.wav,5.000000037252903,49.999998807907104,26.092789471149445,42.69804239273071
chord_flute_56.wav,25.000001192092896,10.000000298023224,59.44561064243317,34.20156955718994
chord_flute_56.wav,0.0,60.0,-0.8004732616245747,34.87694978713989
chord_flute_56.wav,15.000000447034836,40.000001192092896,56.66354298591614,63.99511098861694
chord_flute_56.wav,84.99999761581421,30.0,39.478758573532104,40.01016139984131
chord_flute_56.wav,50.00000238418579,49.999998807907104,39.68926101922989,42.600975036621094
chord_flute_56.wav,25.000001192092896,60.0,47.15652823448181,52.62416481971741
chord_flute_56.wav,84.99999761581421,60.0,54.37463700771332,51.59133553504944
chord_flute_56.wav,15.000000447034836,40.000001192092896,38.167394399642944,55.8973503112793
chord_flute_56.wav,0.0,49.999998807907104,14.226773232221603,31.72689914703369
chord_flute_56.wav,45.0,20.000000596046448,57.58336365222931,44.004385471343994
chord_flute_56.wav,35.00000059604645,10.000000298023224,32.915650606155396,32.613075971603394
chord_flute_56.wav,10.000000074505806,10.000000298023224,34.15183782577515,45.830955505371094
chord_flute_56.wav,5.000000037252903,10.000000298023224,34.01314616203308,39.76038694381714
chord_flute_57.wav,30.00000089406967,0.0,35.894984006881714,24.92641568183899
chord_flute_57.wav,74.99999821186066,30.0,57.63227641582489,44.46141958236694
chord_flute_57.wav,74.99999821186066,20.000000596046448,59.75412905216217,29.404513835906982
chord_flute_57.wav,70.0000011920929,0.0,53.271589279174805,17.32444703578949
chord_flute_57.wav,50.00000238418579,60.0,39.88912045955658,29.39436435699463
chord_flute_57.wav,10.000000074505806,30.0,35.682445764541626,57.267833948135376
chord_flute_57.wav,70.0000011920929,0.0,54.768224358558655,18.143357634544373
chord_flute_57.wav,45.0,20.000000596046448,50.43031454086304,41.00619077682495
chord_flute_57.wav,50.00000238418579,49.999998807907104,59.62676703929901,61.62480354309082
chord_flute_57.wav,40.000000298023224,60.0,34.26443696022034,47.3124897480011
chord_flute_57.wav,15.000000447034836,30.0,17.27376401424408,47.347376346588135
chord_flute_57.wav,54.99999940395355,10.000000298023224,9.514119923114777,41.28531575202942
chord_flute_57.wav,74.99999821186066,40.000001192092896,58.576982617378235,31.422786712646484
chord_flute_57.wav,50.00000238418579,20.000000596046448,44.939167499542236,36.07066869735718
chord_flute_57.wav,15.000000447034836,49.999998807907104,43.19863110780716,53.45652222633362
chord_flute_57.wav,5.000000037252903,60.0,22.15660348534584,53.65744113922119
chord_flute_57.wav,60.00000178813934,60.0,33.19990575313568,52.24608063697815
chord_flute_57.wav,64.9999988079071,20.000000596046448,12.43109330534935,28.27775001525879
chord_flute_57.wav,0.0,60.0,-8.87828953564167,27.23557412624359
chord_flute_57.wav,35.00000059604645,30.0,30.060964822769165,40.73086380958557
chord_flute_57.wav,74.99999821186066,20.000000596046448,50.7272082567215,23.044027090072632
chord_flute_57.wav,50.00000238418579,0.0,45.348188281059265,34.71062421798706
chord_flute_57.wav,64.9999988079071,49.999998807907104,53.114792704582214,32.237727642059326
chord_flute_57.wav,74.99999821186066,20.000000596046448,47.46665596961975,41.688880920410156
chord_flute_57.wav,45.0,60.0,32.31922119855881,24.59514856338501
chord_flute_57.wav,64.9999988079071,30.0,22.11348831653595,28.73906135559082
chord_flute_57.wav,10.000000074505806,30.0,27.99188733100891,42.454941272735596
chord_flute_57.wav,50.00000238418579,10.000000298023224,60.82173407077789,34.49379086494446
chord_flute_57.wav,10.000000074505806,60.0,8.10470424592495,34.28162455558777
chord_flute_57.wav,0.0,40.000001192092896,-0.4079885082319379,33.75334024429321
chord_flute_57.wav,35.00000059604645,60.0,36.11522555351257,45.99918007850647
chord_flute_57.wav,74.99999821186066,0.0,39.841937720775604,21.406381130218506
chord_flute_57.wav,45.0,0.0,54.991700649261475,47.23520636558533
chord_flute_57.wav,45.0,10.000000298023224,18.885658979415894,35.767682790756226
chord_flute_57.wav,50.00000238418579,60.0,46.475048661231995,41.46745204925537
chord_flute_57.wav,54.99999940395355,49.999998807907104,30.934434235095978,37.792171239852905
chord_flute_57.wav,84.99999761581421,10.000000298023224,25.252466797828674,39.6077299118042
chord_flute_57.wav,0.0,20.000000596046448,11.246004179120064,42.50249147415161
chord_flute_57.wav,0.0,60.0,14.041452705860138,38.78638744354248
chord_flute_57.wav,64.9999988079071,30.0,59.06128227710724,40.87223768234253
chord_flute_57.wav,0.0,10.000000298023224,-14.46262925863266,34.9389123916626
chord_flute_57.wav,84.99999761581421,20.000000596046448,60.90437829494476,25.029709339141846
chord_flute_57.wav,30.00000089406967,60.0,8.31688977777958,35.382070541381836
chord_flute_57.wav,90.0,10.000000298023224,56.625407338142395,21.913472414016724
chord_flute_57.wav,60.00000178813934,60.0,51.97615206241608,38.33983898162842
chord_flute_57.wav,54.99999940395355,40.000001192092896,23.001256585121155,42.11426138877869
chord_flute_57.wav,50.00000238418579,60.0,48.29115092754364,43.91197443008423
chord_flute_57.wav,20.000000149011612,20.000000596046448,29.012060165405273,41.659770011901855
chord_flute_57.wav,30.00000089406967,30.0,21.947629898786545,26.406841278076172
chord_flute_57.wav,90.0,10.000000298023224,65.61644554138184,24.161818027496338
chord_flute_57.wav,50.00000238418579,0.0,58.62661421298981,25.7943856716156
chord_flute_57.wav,40.000000298023224,0.0,35.5809161067009,30.533766746520996
chord_flute_57.wav,5.000000037252903,49.999998807907104,6.416739821434021,47.46010780334473
chord_flute_57.wav,30.00000089406967,0.0,61.9201523065567,31.798510551452637
chord_flute_57.wav,80.00000059604645,0.0,61.18790924549103,22.62905716896057
chord_flute_57.wav,70.0000011920929,49.999998807907104,56.04608237743378,40.264363288879395
chord_flute_57.wav,40.000000298023224,49.999998807907104,18.029048591852188,44.03821349143982
chord_flute_57.wav,10.000000074505806,10.000000298023224,24.932554364204407,55.91012477874756
chord_flute_57.wav,20.000000149011612,10.000000298023224,36.282504200935364,43.38181972503662
chord_flute_57.wav,30.00000089406967,10.000000298023224,49.15879726409912,56.08933925628662
chord_flute_57.wav,40.000000298023224,10.000000298023224,34.03408885002136,10.28454601764679
chord_flute_57.wav,70.0000011920929,30.0,62.071139216423035,26.158865690231323
chord_flute_57.wav,10.000000074505806,20.000000596046448,24.536601305007935,33.64042639732361
chord_flute_57.wav,0.0,49.999998807907104,-3.60385961830616,37.16298580169678
chord_flute_57.wav,10.000000074505806,10.000000298023224,13.246991783380508,36.09888195991516
chord_flute_57.wav,60.00000178813934,10.000000298023224,19.031777679920197,36.56847953796387
chord_flute_57.wav,84.99999761581421,10.000000298023224,56.49969220161438,31.156808137893677
chord_flute_57.wav,25.000001192092896,49.999998807907104,34.780059456825256,33.64537239074707
chord_flute_57.wav,54.99999940395355,10.000000298023224,42.14609742164612,13.58000099658966
chord_flute_57.wav,70.0000011920929,49.999998807907104,60.913068652153015,36.75201773643494
chord_flute_57.wav,20.000000149011612,40.000001192092896,30.53697645664215,45.57732582092285
chord_flute_57.wav,0.0,20.000000596046448,-7.487853839993477,28.49987268447876
chord_flute_57.wav,45.0,0.0,42.86944091320038,27.03115224838257
chord_flute_57.wav,45.0,30.0,39.31507408618927,23.63723874092102
chord_flute_57.wav,64.9999988079071,0.0,69.13727939128876,30.69607973098755
chord_flute_57.wav,80.00000059604645,10.000000298023224,65.50005912780762,17.231503129005432
chord_flute_57.wav,64.9999988079071,30.0,74.02968764305115,37.71238088607788
chord_flute_57.wav,50.00000238418579,0.0,49.22130882740021,34.40153360366821
chord_flute_57.wav,10.000000074505806,30.0,19.568232893943787,39.95219707489014
chord_flute_57.wav,5.000000037252903,40.000001192092896,19.52299475669861,42.159647941589355
chord_flute_57.wav,70.0000011920929,20.000000596046448,82.58636891841888,21.29537343978882
chord_flute_57.wav,84.99999761581421,10.000000298023224,64.90559577941895,20.92197060585022
chord_flute_57.wav,54.99999940395355,20.000000596046448,69.99188482761383,26.090009808540344
chord_flute_57.wav,10.000000074505806,0.0,17.13827356696129,37.66824960708618
chord_flute_57.wav,54.99999940395355,10.000000298023224,55.691065192222595,37.538108825683594
chord_flute_57.wav,5.000000037252903,0.0,19.051124453544617,38.885064125061035
chord_flute_57.wav,54.99999940395355,10.000000298023224,35.267009139060974,22.512574195861816
chord_flute_57.wav,80.00000059604645,60.0,46.00677788257599,44.263046979904175
chord_flute_57.wav,30.00000089406967,60.0,42.276983857154846,46.20299220085144
chord_flute_57.wav,10.000000074505806,10.000000298023224,9.62410993874073,41.78212523460388
chord_flute_57.wav,5.000000037252903,10.000000298023224,26.793344914913177,45.93229651451111
chord_flute_57.wav,15.000000447034836,30.0,18.372592628002167,42.94137954711914
chord_flute_57.wav,10.000000074505806,20.000000596046448,15.146981477737427,47.89494752883911
chord_flute_57.wav,50.00000238418579,49.999998807907104,64.53145980834961,45.11273503303528
chord_flute_57.wav,5.000000037252903,60.0,8.773016184568405,29.612045288085938
chord_flute_57.wav,10.000000074505806,60.0,13.105006366968155,40.212053060531616
chord_flute_57.wav,40.000000298023224,20.000000596046448,46.67488396167755,27.140173316001892
chord_flute_57.wav,45.0,60.0,30.05620926618576,36.20123505592346
chord_flute_57.wav,84.99999761581421,60.0,40.18473207950592,29.822224974632263
chord_flute_57.wav,25.000001192092896,49.999998807907104,29.213553071022034,47.10568428039551
chord_flute_57.wav,60.00000178813934,40.000001192092896,48.26637804508209,47.55786180496216
chord_flute_57.wav,60.00000178813934,30.0,51.67025148868561,32.54395008087158
chord_flute_57.wav,50.00000238418579,0.0,35.96546173095703,31.040124893188477
chord_flute_57.wav,20.000000149011612,49.999998807907104,34.27830934524536,45.25702357292175
chord_flute_57.wav,45.0,10.000000298023224,60.50467550754547,28.234552145004272
chord_flute_57.wav,70.0000011920929,30.0,10.512818321585655,31.7636775970459
chord_flute_57.wav,84.99999761581421,30.0,59.1254997253418,29.468883275985718
chord_flute_57.wav,40.000000298023224,20.000000596046448,35.03597974777222,38.14716339111328
chord_flute_57.wav,5.000000037252903,20.000000596046448,14.993266761302948,39.852497577667236
chord_flute_57.wav,64.9999988079071,40.000001192092896,60.70718228816986,31.45118236541748
chord_flute_57.wav,60.00000178813934,60.0,25.14510065317154,30.048136711120605
chord_flute_57.wav,30.00000089406967,49.999998807907104,40.82220196723938,41.72091007232666
chord_flute_57.wav,20.000000149011612,60.0,18.32848370075226,48.64399194717407
chord_flute_57.wav,84.99999761581421,49.999998807907104,55.27672290802002,46.51167869567871
chord_flute_57.wav,30.00000089406967,0.0,41.02127820253372,38.764017820358276
chord_flute_57.wav,70.0000011920929,30.0,34.87951308488846,20.97393035888672
chord_flute_57.wav,50.00000238418579,60.0,65.19905090332031,32.52477407455444
chord_flute_57.wav,25.000001192092896,60.0,28.861888647079468,52.3431122303009
chord_flute_57.wav,35.00000059604645,30.0,50.376176834106445,36.74551963806152
chord_flute_57.wav,20.000000149011612,20.000000596046448,40.15536457300186,35.4295814037323
chord_flute_57.wav,0.0,10.000000298023224,10.513997822999954,32.8424334526062
chord_flute_57.wav,40.000000298023224,30.0,56.04633986949921,40.74681758880615
chord_flute_57.wav,60.00000178813934,0.0,53.15461277961731,30.078799724578857
chord_flute_57.wav,64.9999988079071,10.000000298023224,59.897621870040894,26.24237358570099
chord_flute_57.wav,45.0,10.000000298023224,48.10270965099335,37.25042939186096
chord_flute_57.wav,15.000000447034836,10.000000298023224,51.17084562778473,43.057708740234375
chord_flute_57.wav,10.000000074505806,0.0,5.360436290502548,47.805243730545044
chord_flute_57.wav,50.00000238418579,0.0,51.032867431640625,30.733215808868408
chord_flute_57.wav,30.00000089406967,60.0,37.54515677690506,48.387712240219116
chord_flute_57.wav,35.00000059604645,10.000000298023224,56.3446980714798,36.40989303588867
chord_flute_57.wav,15.000000447034836,0.0,37.59776294231415,47.339876890182495
chord_flute_57.wav,10.000000074505806,0.0,-1.8963998928666115,51.042906045913696
chord_flute_57.wav,45.0,30.0,44.88243341445923,30.792564153671265
chord_flute_72.wav,90.0,30.0,23.015193343162537,35.873175859451294
chord_flute_72.wav,25.000001192092896,49.999998807907104,31.155311465263367,35.848703384399414
chord_flute_72.wav,25.000001192092896,20.000000596046448,38.235281109809875,31.999311447143555
chord_flute_72.wav,35.00000059604645,10.000000298023224,41.438914239406586,17.28429615497589
chord_flute_72.wav,45.0,60.0,34.683457016944885,37.94337272644043
chord_flute_72.wav,74.99999821186066,40.000001192092896,62.47094392776489,45.025877952575684
chord_flute_72.wav,45.0,60.0,36.56452775001526,45.69938063621521
chord_flute_72.wav,30.00000089406967,60.0,30.213874876499176,30.375312566757202
chord_flute_72.wav,15.000000447034836,0.0,36.380136609077454,32.04829931259155
chord_flute_72.wav,70.0000011920929,49.999998807907104,50.63279449939728,44.31239604949951
chord_flute_72.wav,10.000000074505806,0.0,-1.708153411746025,35.258198976516724
chord_flute_72.wav,5.000000037252903,40.000001192092896,4.166330248117447,36.39808416366577
chord_flute_72.wav,80.00000059604645,0.0,53.74086320400238,18.201355934143066
chord_flute_72.wav,40.000000298023224,49.999998807907104,37.68440634012222,35.98826766014099
chord_flute_72.wav,54.99999940395355,0.0,65.32746970653534,26.33614182472229
chord_flute_72.wav,64.9999988079071,30.0,57.96741843223572,25.07315754890442
chord_flute_72.wav,20.000000149011612,49.999998807907104,28.033241629600525,26.300253868103027
chord_flute_72.wav,35.00000059604645,40.000001192092896,42.56686627864838,38.6902642250061
chord_flute_72.wav,40.000000298023224,60.0,35.59819221496582,37.0983624458313
chord_flute_72.wav,70.0000011920929,30.0,54.577959179878235,24.500709772109985
chord_flute_72.wav,64.9999988079071,0.0,34.9646919965744,24.674885272979736
chord_flute_72.wav,35.00000059604645,40.000001192092896,51.922228932380676,35.01028060913086
chord_flute_72.wav,64.9999988079071,30.0,53.30513298511505,27.115225195884705
chord_flute_72.wav,25.000001192092896,10.000000298023224,38.856912553310394,21.490970849990845
chord_flute_72.wav,30.00000089406967,20.000000596046448,32.093414068222046,46.76667094230652
chord_flute_72.wav,70.0000011920929,40.000001192092896,46.03504300117493,22.279656529426575
chord_flute_72.wav,45.0,49.999998807907104,46.45488917827606,47.288453578948975
chord_flute_72.wav,20.000000149011612,10.000000298023224,20.777249336242676,34.620702266693115
chord_flute_72.wav,70.0000011920929,20.000000596046448,40.444579124450684,26.73613429069519
chord_flute_72.wav,20.000000149011612,49.999998807907104,15.283016413450241,27.73319363594055
chord_flute_72.wav,10.000000074505806,0.0,23.31438034772873,41.97547674179077
chord_flute_72.wav,10.000000074505806,30.0,29.032986760139465,37.69469976425171
chord_flute_72.wav,40.000000298023224,10.000000298023224,33.26671689748764,43.1372344493866
chord_flute_72.wav,50.00000238418579,20.000000596046448,47.386388182640076,29.968714714050293
chord_flute_72.wav,60.00000178813934,10.000000298023224,47.53606617450714,11.040649116039276
chord_flute_72.wav,50.00000238418579,60.0,21.373924165964127,36.44115328788757
chord_flute_72.wav,54.99999940395355,0.0,62.09201216697693,18.636719584465027
chord_flute_72.wav,80.00000059604645,10.000000298023224,60.795244574546814,7.9956695437431335
chord_flute_72.wav,74.99999821186066,40.000001192092896,26.512638330459595,39.95262265205383
chord_flute_72.wav,25.000001192092896,10.000000298023224,41.97245657444,44.82927203178406
chord_flute_72.wav,5.000000037252903,30.0,6.845066472887993,31.720508337020874
chord_flute_72.wav,0.0,40.000001192092896,7.615412995219231,40.30321955680847
chord_flute_72.wav,64.9999988079071,40.000001192092896,39.635834097862244,30.93236804008484
chord_flute_72.wav,80.00000059604645,30.0,48.125020265579224,17.895262241363525
chord_flute_72.wav,45.0,60.0,42.98083305358887,35.448113679885864
chord_flute_72.wav,84.99999761581421,10.000000298023224,39.52105164527893,32.01241850852966
chord_flute_72.wav,40.000000298023224,20.000000596046448,35.49515247344971,23.719289302825928
chord_flute_72.wav,40.000000298023224,60.0,34.38941180706024,40.171709060668945
chord_flute_72.wav,15.000000447034836,40.000001192092896,13.16831722855568,43.89449715614319
chord_flute_72.wav,45.0,0.0,38.21979135274887,35.708255767822266
chord_flute_72.wav,25.000001192092896,40.000001192092896,24.805219173431396,29.185209274291992
chord_flute_72.wav,60.00000178813934,40.000001192092896,49.18201982975006,34.616196155548096
chord_flute_72.wav,70.0000011920929,60.0,35.266510248184204,39.12490725517273
chord_flute_72.wav,45.0,60.0,41.63764446973801,43.844815492630005
chord_flute_72.wav,45.0,20.000000596046448,47.80951738357544,32.404056787490845
chord_flute_72.wav,10.000000074505806,10.000000298023224,17.600792348384857,32.25196123123169
chord_flute_72.wav,50.00000238418579,20.000000596046448,48.76305878162384,25.32327890396118
chord_flute_72.wav,50.00000238418579,60.0,41.962441205978394,38.180644512176514
chord_flute_72.wav,0.0,49.999998807907104,4.876016937196255,32.33927249908447
chord_flute_72.wav,64.9999988079071,0.0,43.06073069572449,27.590736150741577
chord_flute_72.wav,0.0,20.000000596046448,0.9079456888139248,37.65649080276489
chord_flute_72.wav,15.000000447034836,0.0,34.89342838525772,32.65607714653015
chord_flute_72.wav,50.00000238418579,20.000000596046448,29.23669785261154,51.6646671295166
chord_flute_72.wav,25.000001192092896,30.0,28.182600438594818,32.92318940162659
chord_flute_72.wav,45.0,60.0,42.28920936584473,33.72962951660156
chord_flute_72.wav,54.99999940395355,20.000000596046448,53.25980365276337,14.125667810440063
chord_flute_72.wav,64.9999988079071,20.000000596046448,44.097254276275635,20.971328616142273
chord_flute_72.wav,50.00000238418579,0.0,51.35077893733978,28.82594883441925
chord_flute_72.wav,25.000001192092896,0.0,42.50804007053375,32.49913930892944
chord_flute_72.wav,60.00000178813934,10.000000298023224,42.828601598739624,46.18943810462952
chord_flute_72.wav,74.99999821186066,40.000001192092896,58.45449686050415,22.53961980342865
chord_flute_72.wav,30.00000089406967,20.000000596046448,15.190692096948624,34.463757276535034
chord_flute_72.wav,40.000000298023224,0.0,38.46959888935089,24.507819414138794
chord_flute_72.wav,45.0,30.0,57.27619707584381,36.2728214263916
chord_flute_72.wav,90.0,0.0,46.12253129482269,10.30540019273758
chord_flute_72.wav,0.0,60.0,6.50377482175827,29.68659996986389
chord_flute_72.wav,0.0,20.000000596046448,2.438495960086584,35.69037437438965
chord_flute_72.wav,10.000000074505806,10.000000298023224,17.48486191034317,34.81327414512634
chord_flute_72.wav,30.00000089406967,40.000001192092896,41.57965511083603,42.44548201560974
chord_flute_72.wav,25.000001192092896,40.000001192092896,24.837781190872192,37.94217109680176
chord_flute_72.wav,35.00000059604645,60.0,26.008342802524567,28.492534160614014
chord_flute_72.wav,80.00000059604645,30.0,28.78491997718811,22.488824129104614
chord_flute_72.wav,30.00000089406967,0.0,37.21069872379303,32.473976612091064
chord_flute_72.wav,40.000000298023224,60.0,35.77044904232025,30.46973705291748
chord_flute_72.wav,70.0000011920929,49.999998807907104,62.32998311519623,34.70798134803772
chord_flute_72.wav,80.00000059604645,49.999998807907104,56.80579125881195,38.92477512359619
chord_flute_72.wav,60.00000178813934,20.000000596046448,39.42212104797363,26.09525442123413
chord_flute_72.wav,40.000000298023224,49.999998807907104,40.04348963499069,46.451271772384644
chord_flute_72.wav,80.00000059604645,30.0,62.111549377441406,32.54115343093872
chord_flute_72.wav,25.000001192092896,60.0,54.07194435596466,51.203309297561646
chord_flute_72.wav,15.000000447034836,30.0,7.3773133009672165,31.357970237731934
chord_flute_72.wav,35.00000059604645,0.0,72.34855949878693,32.75221109390259
chord_flute_72.wav,84.99999761581421,49.999998807907104,50.2709698677063,29.01586890220642
chord_flute_72.wav,30.00000089406967,30.0,35.60313820838928,43.66796135902405
chord_flute_72.wav,54.99999940395355,20.000000596046448,38.91691893339157,30.486878156661987
chord_flute_72.wav,80.00000059604645,20.000000596046448,39.0176385641098,52.742897272109985
chord_flute_72.wav,40.000000298023224,60.0,21.313730031251907,35.3067684173584
chord_flute_72.wav,35.00000059604645,0.0,49.15484368801117,36.65476083755493
chord_flute_72.wav,80.00000059604645,60.0,35.506412386894226,39.7247314453125
chord_flute_72.wav,90.0,10.000000298023224,30.095114707946777,24.845956563949585
chord_flute_72.wav,35.00000059604645,49.999998807907104,38.20247232913971,38.15301060676575
chord_flute_72.wav,15.000000447034836,10.000000298023224,34.749621748924255,43.116867542266846
chord_flute_72.wav,45.0,0.0,47.124486565589905,25.25493621826172
chord_flute_72.wav,90.0,60.0,31.12513929605484,29.608025550842285
chord_flute_72.wav,45.0,49.999998807907104,30.752011835575104,31.04001760482788
chord_flute_72.wav,80.00000059604645,60.0,50.802916288375854,35.6296706199646
chord_flute_72.wav,74.99999821186066,49.999998807907104,53.049073219299316,42.26069927215576
chord_flute_72.wav,64.9999988079071,60.0,41.49010956287384,39.25342798233032
chord_flute_72.wav,40.000000298023224,20.000000596046448,47.54981517791748,48.15307259559631
chord_flute_73.wav,25.000001192092896,10.000000298023224,28.179247677326202,28.030275106430054
chord_flute_73.wav,80.00000059604645,30.0,48.90731871128082,22.494776844978333
chord_flute_73.wav,45.0,20.000000596046448,51.264604926109314,28.515433073043823
chord_flute_73.wav,84.99999761581421,40.000001192092896,53.19009840488434,29.48292374610901
chord_flute_73.wav,5.000000037252903,10.000000298023224,-15.126606076955795,36.24099254608154
chord_flute_73.wav,20.000000149011612,20.000000596046448,30.67659080028534,33.4699273109436
chord_flute_73.wav,35.00000059604645,20.000000596046448,28.65281045436859,37.91386842727661
chord_flute_73.wav,50.00000238418579,60.0,35.66381514072418,31.460773944854736
chord_flute_73.wav,5.000000037252903,30.0,4.635363779962063,28.66629123687744
chord_flute_73.wav,5.000000037252903,20.000000596046448,2.915940061211586,31.500030755996704
chord_flute_73.wav,40.000000298023224,60.0,18.929488956928253,40.35096287727356
chord_flute_73.wav,0.0,30.0,0.03820106852799654,30.401097536087036
chord_flute_73.wav,54.99999940395355,20.000000596046448,55.59380829334259,22.880024313926697
chord_flute_73.wav,90.0,30.0,50.25738179683685,32.240474224090576
chord_flute_73.wav,25.000001192092896,10.000000298023224,23.66232454776764,40.93704700469971
chord_flute_73.wav,35.00000059604645,60.0,38.47037136554718,34.73112344741821
chord_flute_73.wav,70.0000011920929,20.000000596046448,37.70742505788803,36.864094734191895
chord_flute_73.wav,54.99999940395355,49.999998807907104,36.773133873939514,31.2276291847229
chord_flute_73.wav,45.0,10.000000298023224,37.575355768203735,24.131555557250977
chord_flute_73.wav,15.000000447034836,40.000001192092896,-12.537670880556107,41.49624824523926
chord_flute_73.wav,80.00000059604645,10.000000298023224,59.17714297771454,29.396865963935852
chord_flute_73.wav,35.00000059604645,20.000000596046448,26.41833186149597,28.976197242736816
chord_flute_73.wav,5.000000037252903,49.999998807907104,11.163121238350868,32.34819531440735
chord_flute_73.wav,30.00000089406967,40.000001192092896,39.373994171619415,42.22280502319336
chord_flute_73.wav,74.99999821186066,30.0,36.89844936132431,34.45527791976929
chord_flute_73.wav,84.99999761581421,20.000000596046448,49.19950783252716,20.750545263290405
chord_flute_73.wav,90.0,0.0,46.94184422492981,30.011723041534424
chord_flute_73.wav,50.00000238418579,10.000000298023224,61.095834374427795,27.061298489570618
chord_flute_73.wav,70.0000011920929,49.999998807907104,42.85715103149414,27.154970169067383
chord_flute_73.wav,30.00000089406967,49.999998807907104,24.459514617919922,39.00813102722168
chord_flute_73.wav,30.00000089406967,49.999998807907104,39.39877241849899,43.34165096282959
chord_flute_73.wav,35.00000059604645,10.000000298023224,55.26229798793793,27.44502604007721
chord_flute_73.wav,80.00000059604645,10.000000298023224,46.775182485580444,16.671472191810608
chord_flute_73.wav,60.00000178813934,60.0,52.13688611984253,40.19018054008484
chord_flute_73.wav,84.99999761581421,20.000000596046448,27.40090012550354,29.04736876487732
chord_flute_73.wav,70.0000011920929,49.999998807907104,30.457974672317505,39.27032947540283
chord_flute_73.wav,60.00000178813934,10.000000298023224,50.194929242134094,38.69015336036682
chord_flute_73.wav,45.0,60.0,31.238315105438232,20.476296544075012
chord_flute_73.wav,40.000000298023224,30.0,30.299466848373413,38.98164510726929
chord_flute_73.wav,35.00000059604645,60.0,24.830034971237183,21.69627606868744
chord_flute_73.wav,15.000000447034836,30.0,20.69910854101181,40.81496000289917
chord_flute_73.wav,35.00000059604645,30.0,23.515071272850037,39.149415493011475
chord_flute_73.wav,50.00000238418579,20.000000596046448,25.986096560955048,36.89242601394653
chord_flute_73.wav,30.00000089406967,30.0,30.812420547008514,41.21058940887451
chord_flute_73.wav,35.00000059604645,40.000001192092896,24.800959825515747,49.99676585197449
chord_flute_73.wav,35.00000059604645,60.0,25.831925868988037,38.02658200263977
chord_flute_73.wav,0.0,0.0,-2.9485976323485374,29.229785799980164
chord_flute_73.wav,54.99999940395355,10.000000298023224,55.502323508262634,23.543261289596558
chord_flute_73.wav,64.9999988079071,20.000000596046448,52.333239912986755,27.79013156890869
chord_flute_73.wav,30.00000089406967,49.999998807907104,37.018193900585175,33.90207767486572
chord_flute_73.wav,84.99999761581421,30.0,37.47964918613434,30.125269889831543
chord_flute_73.wav,54.99999940395355,20.000000596046448,44.62221622467041,24.28248882293701
chord_flute_73.wav,74.99999821186066,60.0,31.627109348773956,39.45931434631348
chord_flute_73.wav,80.00000059604645,49.999998807907104,23.485953211784363,43.131165504455566
chord_flute_73.wav,74.99999821186066,49.999998807907104,35.881859958171844,50.59195518493652
chord_flute_73.wav,15.000000447034836,49.999998807907104,25.9533628821373,48.08777689933777
chord_flute_73.wav,50.00000238418579,49.999998807907104,38.6429688334465,28.368723392486572
chord_flute_73.wav,25.000001192092896,40.000001192092896,26.27442330121994,53.40344309806824
chord_flute_73.wav,10.000000074505806,60.0,4.431185647845268,34.368581771850586
chord_flute_73.wav,84.99999761581421,49.999998807907104,47.48574256896973,46.54492735862732
chord_flute_73.wav,60.00000178813934,60.0,29.100830554962158,39.959328174591064
chord_flute_73.wav,20.000000149011612,49.999998807907104,7.5489746779203415,47.57354021072388
chord_flute_73.wav,70.0000011920929,30.0,28.758532404899597,36.4094603061676
chord_flute_73.wav,64.9999988079071,10.000000298023224,56.527522802352905,19.51410412788391
chord_flute_73.wav,20.000000149011612,10.000000298023224,45.30669450759888,37.50178813934326
chord_flute_73.wav,20.000000149011612,20.000000596046448,47.07486033439636,37.279250621795654
chord_flute_73.wav,25.000001192092896,0.0,21.740292459726334,36.87701225280762
chord_flute_73.wav,45.0,60.0,37.782945334911346,32.1727180480957
chord_flute_73.wav,64.9999988079071,0.0,35.89583158493042,25.23805260658264
chord_flute_73.wav,35.00000059604645,49.999998807907104,14.982088655233383,38.19769620895386
chord_flute_73.wav,5.000000037252903,40.000001192092896,-5.314097106456757,34.810473918914795
chord_flute_73.wav,0.0,0.0,-9.095340594649315,27.553718090057373
chord_flute_73.wav,45.0,49.999998807907104,27.84551650285721,41.34420990943909
chord_flute_73.wav,74.99999821186066,40.000001192092896,24.94891583919525,53.21225166320801
chord_flute_73.wav,70.0000011920929,30.0,54.97630476951599,36.03557825088501
chord_flute_73.wav,30.00000089406967,30.0,43.79032105207443,40.55464267730713
chord_flute_73.wav,64.9999988079071,60.0,46.1782032251358,40.65753221511841
chord_flute_73.wav,74.99999821186066,20.000000596046448,34.06238615512848,26.277067065238953
chord_flute_73.wav,84.99999761581421,49.999998807907104,49.59850788116455,33.66405487060547
chord_flute_73.wav,5.000000037252903,0.0,1.7868133820593357,39.56128478050232
chord_flute_73.wav,10.000000074505806,20.000000596046448,25.60529798269272,42.43113398551941
chord_flute_73.wav,74.99999821186066,60.0,37.01358586549759,41.21904373168945
chord_flute_73.wav,80.00000059604645,60.0,48.70963990688324,46.36971473693848
chord_flute_73.wav,40.000000298023224,20.000000596046448,47.93060839176178,40.501577854156494
chord_flute_73.wav,25.000001192092896,40.000001192092896,36.25300794839859,44.9727988243103
chord_flute_73.wav,20.000000149011612,40.000001192092896,38.89813274145126,37.741591930389404
chord_flute_73.wav,45.0,30.0,41.24933838844299,27.85402536392212
chord_flute_73.wav,90.0,20.000000596046448,52.257580161094666,27.32152283191681
chord_flute_73.wav,10.000000074505806,0.0,-9.341956302523613,29.91745948791504
chord_flute_73.wav,25.000001192092896,0.0,36.683199405670166,47.433671951293945
chord_flute_73.wav,54.99999940395355,20.000000596046448,54.99350309371948,27.449605464935303
chord_flute_73.wav,84.99999761581421,60.0,37.93887555599213,45.51806688308716
chord_flute_73.wav,5.000000037252903,0.0,7.207607254385948,44.37443017959595
chord_flute_73.wav,5.000000037252903,40.000001192092896,0.9417658299207687,36.70633792877197
chord_flute_73.wav,54.99999940395355,0.0,49.3596088886261,24.98844802379608
chord_flute_73.wav,70.0000011920929,20.000000596046448,20.766442716121674,45.7683527469635
chord_flute_73.wav,54.99999940395355,40.000001192092896,43.89120161533356,33.3889102935791
chord_flute_73.wav,35.00000059604645,0.0,51.77575886249542,29.678950309753418
chord_flute_73.wav,40.000000298023224,49.999998807907104,46.159422397613525,43.160576820373535
chord_flute_73.wav,54.99999940395355,0.0,49.01049792766571,16.502897143363953
chord_flute_73.wav,64.9999988079071,20.000000596046448,22.927766740322113,38.944594860076904
chord_flute_73.wav,84.99999761581421,20.000000596046448,28.929914832115173,39.48796033859253
chord_flute_73.wav,30.00000089406967,60.0,25.0492063164711,36.338868141174316
chord_flute_73.wav,5.000000037252903,0.0,-2.326405104249716,38.19543242454529
chord_flute_73.wav,45.0,0.0,31.06583833694458,28.333901166915894
chord_flute_73.wav,70.0000011920929,0.0,20.58709278702736,29.809799194335938
chord_flute_73.wav,60.00000178813934,49.999998807907104,45.72602033615112,30.24691343307495
chord_flute_73.wav,35.00000059604645,49.999998807907104,25.54043412208557,50.098793506622314
chord_flute_73.wav,5.000000037252903,20.000000596046448,6.36992521584034,35.30331373214722
chord_flute_73.wav,0.0,30.0,1.0058902390301228,27.023155689239502
chord_flute_73.wav,70.0000011920929,30.0,32.611761689186096,49.03599143028259
chord_flute_73.wav,80.00000059604645,0.0,49.78907883167267,16.856791377067566
chord_flute_73.wav,84.99999761581421,30.0,51.29859387874603,29.35327649116516
chord_flute_73.wav,70.0000011920929,60.0,34.20886695384979,43.76178503036499
chord_flute_73.wav,35.00000059604645,40.000001192092896,33.87461006641388,45.443429946899414
chord_flute_73.wav,40.000000298023224,10.000000298023224,53.58930230140686,24.813321232795715
chord_flute_73.wav,45.0,49.999998807907104,33.86882722377777,43.97701621055603
chord_flute_73.wav,40.000000298023224,60.0,35.0433611869812,40.295244455337524
chord_flute_73.wav,5.000000037252903,30.0,-6.203034147620201,31.533422470092773
chord_flute_73.wav,60.00000178813934,30.0,62.222973704338074,24.034754633903503
chord_flute_73.wav,70.0000011920929,20.000000596046448,61.264373660087585,24.117300510406494
chord_flute_73.wav,10.000000074505806,49.999998807907104,-0.27453570161014795,33.66483807563782
chord_flute_73.wav,25.000001192092896,20.000000596046448,43.00605118274689,36.478832960128784
chord_flute_73.wav,54.99999940395355,60.0,50.47501623630524,50.55644989013672
chord_flute_73.wav,74.99999821186066,49.999998807907104,46.407349705696106,29.633352756500244
chord_flute_73.wav,80.00000059604645,40.000001192092896,61.69300675392151,30.028681755065918
chord_flute_73.wav,25.000001192092896,40.000001192092896,43.945210576057434,33.32292079925537
chord_flute_73.wav,60.00000178813934,49.999998807907104,47.86609590053558,36.1613130569458
chord_flute_73.wav,40.000000298023224,49.999998807907104,26.469674706459045,47.216455936431885
chord_flute_73.wav,90.0,40.000001192092896,45.35597205162048,23.87464463710785
chord_flute_73.wav,5.000000037252903,10.000000298023224,-19.919401109218597,32.341461181640625
chord_flute_73.wav,64.9999988079071,49.999998807907104,57.780956625938416,17.733746767044067
chord_flute_73.wav,54.99999940395355,10.000000298023224,42.28145778179169,37.8531289100647
chord_flute_74.wav,10.000000074505806,60.0,-3.3355190232396126,26.158236265182495
chord_flute_74.wav,64.9999988079071,20.000000596046448,34.59770679473877,19.93359625339508
chord_flute_74.wav,40.000000298023224,30.0,50.43951988220215,39.89534854888916
chord_flute_74.wav,5.000000037252903,0.0,12.211573272943497,47.04405069351196
chord_flute_74.wav,70.0000011920929,20.000000596046448,31.14659160375595,35.599565505981445
chord_flute_74.wav,74.99999821186066,60.0,34.24601286649704,38.65740180015564
chord_flute_74.wav,80.00000059604645,60.0,60.145297050476074,54.30432915687561
chord_flute_74.wav,45.0,30.0,48.025118708610535,12.081550061702728
chord_flute_74.wav,30.00000089406967,49.999998807907104,36.827660501003265,38.908703327178955
chord_flute_74.wav,74.99999821186066,30.0,71.54285073280334,40.62397241592407
chord_flute_74.wav,60.00000178813934,0.0,52.03303098678589,24.951674938201904
chord_flute_74.wav,5.000000037252903,10.000000298023224,-6.325157135725021,27.07279086112976
chord_flute_74.wav,35.00000059604645,40.000001192092896,33.51637691259384,38.965290784835815
chord_flute_74.wav,80.00000059604645,20.000000596046448,47.179428935050964,17.19175636768341
chord_flute_74.wav,0.0,20.000000596046448,8.841363564133644,33.279043436050415
chord_flute_74.wav,10.000000074505806,30.0,17.38189995288849,37.25718140602112
chord_flute_74.wav,64.9999988079071,20.000000596046448,66.51270568370819,27.366870045661926
chord_flute_74.wav,90.0,0.0,40.636823773384094,17.120386362075806
chord_flute_74.wav,5.000000037252903,10.000000298023224,0.16029034042730927,25.098116397857666
chord_flute_74.wav,40.000000298023224,40.000001192092896,32.832046151161194,58.482245206832886
chord_flute_74.wav,60.00000178813934,30.0,45.7674765586853,24.062447547912598
chord_flute_74.wav,70.0000011920929,0.0,29.8861625790596,25.800915956497192
chord_flute_74.wav,74.99999821186066,0.0,36.01390779018402,35.892988443374634
chord_flute_74.wav,40.000000298023224,40.000001192092896,45.15105128288269,40.32376527786255
chord_flute_74.wav,25.000001192092896,30.0,31.09296351671219,35.82953453063965
chord_flute_74.wav,15.000000447034836,49.999998807907104,33.394964039325714,49.24139857292175
chord_flute_74.wav,64.9999988079071,10.000000298023224,40.77582120895386,26.704253554344177
chord_flute_74.wav,15.000000447034836,10.000000298023224,17.008462697267532,42.57878065109253
chord_flute_74.wav,45.0,20.000000596046448,50.74189603328705,29.688915610313416
chord_flute_74.wav,25.000001192092896,30.0,22.976016998291016,32.46436357498169
chord_flute_74.wav,10.000000074505806,20.000000596046448,30.628935992717743,48.369752168655396
chord_flute_74.wav,20.000000149011612,30.0,24.993963539600372,42.89650082588196
chord_flute_74.wav,84.99999761581421,40.000001192092896,42.032302021980286,39.23415541648865
chord_flute_74.wav,0.0,49.999998807907104,1.0610062815248966,27.83024489879608
chord_flute_74.wav,25.000001192092896,60.0,24.19361650943756,38.51592421531677
chord_flute_74.wav,84.99999761581421,20.000000596046448,39.7534516453743,37.803847789764404
chord_flute_74.wav,0.0,20.000000596046448,5.266235433518887,26.42898738384247
chord_flute_74.wav,25.000001192092896,10.000000298023224,44.776909947395325,39.823243618011475
chord_flute_74.wav,64.9999988079071,20.000000596046448,44.66160714626312,38.24277877807617
chord_flute_74.wav,0.0,20.000000596046448,5.645377412438393,31.72895908355713
chord_flute_74.wav,80.00000059604645,60.0,33.030902445316315,33.74398469924927
chord_flute_74.wav,20.000000149011612,49.999998807907104,38.5615611076355,40.04012703895569
chord_flute_74.wav,25.000001192092896,60.0,36.70277416706085,41.35483145713806
chord_flute_74.wav,30.00000089406967,20.000000596046448,40.01391559839249,46.62561893463135
chord_flute_74.wav,80.00000059604645,10.000000298023224,30.596636831760406,21.60417079925537
chord_flute_74.wav,80.00000059604645,0.0,21.40759527683258,22.030287981033325
chord_flute_74.wav,10.000000074505806,20.000000596046448,10.650990977883339,36.997718811035156
chord_flute_74.wav,5.000000037252903,20.000000596046448,12.186943888664246,33.731592893600464
chord_flute_74.wav,10.000000074505806,49.999998807907104,27.641998529434204,46.07462525367737
chord_flute_74.wav,80.00000059604645,40.000001192092896,32.56542652845383,30.933351516723633
chord_flute_74.wav,64.9999988079071,49.999998807907104,58.46948504447937,51.34332060813904
chord_flute_74.wav,30.00000089406967,40.000001192092896,34.686423540115356,45.37877440452576
chord_flute_74.wav,10.000000074505806,40.000001192092896,38.82188558578491,57.68022894859314
chord_flute_74.wav,10.000000074505806,60.0,20.31206041574478,35.20143985748291
chord_flute_74.wav,84.99999761581421,0.0,35.43462038040161,15.379403829574585
chord_flute_74.wav,84.99999761581421,40.000001192092896,61.380266547203064,43.13047528266907
chord_flute_74.wav,10.000000074505806,40.000001192092896,26.368472278118134,38.921459913253784
chord_flute_74.wav,84.99999761581421,0.0,30.594472289085388,29.456863403320312
chord_flute_74.wav,74.99999821186066,20.000000596046448,27.547380924224854,28.201773762702942
chord_flute_74.wav,35.00000059604645,0.0,42.605208456516266,52.52538800239563
chord_flute_74.wav,0.0,40.000001192092896,7.052727788686752,38.95970106124878
chord_flute_74.wav,15.000000447034836,10.000000298023224,22.445663809776306,30.674890279769897
chord_flute_74.wav,20.000000149011612,60.0,27.19212770462036,39.993921518325806
chord_flute_74.wav,60.00000178813934,49.999998807907104,34.963640570640564,38.14435958862305
chord_flute_74.wav,35.00000059604645,10.000000298023224,43.41646134853363,37.23878860473633
chord_flute_74.wav,84.99999761581421,30.0,49.01845335960388,25.68698287010193
chord_flute_74.wav,84.99999761581421,20.000000596046448,55.20460903644562,25.93164324760437
chord_flute_74.wav,50.00000238418579,60.0,38.67780804634094,32.637362480163574
chord_flute_74.wav,40.000000298023224,0.0,52.924506068229675,28.917362093925476
chord_flute_74.wav,35.00000059604645,30.0,31.72275424003601,59.62217688560486
chord_flute_74.wav,35.00000059604645,60.0,29.753589034080505,42.11344242095947
chord_flute_74.wav,70.0000011920929,30.0,58.213452100753784,32.76021480560303
chord_flute_74.wav,80.00000059604645,30.0,52.66893446445465,24.74830985069275
chord_flute_74.wav,10.000000074505806,60.0,13.527235686779022,31.27384901046753
chord_flute_74.wav,74.99999821186066,49.999998807907104,47.31910228729248,25.573478937149048
chord_flute_74.wav,50.00000238418579,60.0,41.36733949184418,39.63085412979126
chord_flute_74.wav,5.000000037252903,60.0,12.71891713142395,36.345062255859375
chord_flute_74.wav,10.000000074505806,60.0,15.726593434810638,37.35018968582153
chord_flute_74.wav,50.00000238418579,49.999998807907104,35.6926167011261,49.67037320137024
chord_flute_74.wav,64.9999988079071,40.000001192092896,41.05986177921295,29.684990644454956
chord_flute_74.wav,30.00000089406967,20.000000596046448,38.18704426288605,41.6081964969635
chord_flute_74.wav,80.00000059604645,49.999998807907104,45.077751874923706,35.081623792648315
chord_flute_74.wav,45.0,49.999998807907104,35.957399010658264,61.246347427368164
chord_flute_74.wav,45.0,20.000000596046448,55.90700447559357,18.33583652973175
chord_flute_74.wav,45.0,30.0,24.092701077461243,34.64144468307495
chord_flute_74.wav,80.00000059604645,0.0,37.78642952442169,30.196452140808105
chord_flute_74.wav,45.0,0.0,53.647897839546204,34.96319532394409
chord_flute_74.wav,30.00000089406967,60.0,28.27719122171402,34.26294922828674
chord_flute_74.wav,10.000000074505806,20.000000596046448,32.05546349287033,36.176719665527344
chord_flute_74.wav,20.000000149011612,49.999998807907104,41.8355056643486,48.695783615112305
chord_flute_74.wav,80.00000059604645,30.0,74.89465177059174,26.61867320537567
chord_flute_74.wav,5.000000037252903,0.0,10.723812952637672,39.91034746170044
chord_flute_74.wav,35.00000059604645,20.000000596046448,39.313936829566956,44.295397996902466
chord_flute_74.wav,20.000000149011612,30.0,34.18967843055725,28.0623722076416
chord_flute_74.wav,70.0000011920929,30.0,64.4631975889206,29.78931963443756
chord_flute_74.wav,50.00000238418579,60.0,30.63359498977661,36.998112201690674
chord_flute_74.wav,20.000000149011612,20.000000596046448,31.188876628875732,33.07666897773743
chord_flute_74.wav,54.99999940395355,60.0,32.7345210313797,39.61867332458496
chord_flute_74.wav,50.00000238418579,10.000000298023224,38.11182975769043,15.48498809337616
chord_flute_74.wav,5.000000037252903,40.000001192092896,17.19308316707611,30.665781497955322
chord_flute_74.wav,74.99999821186066,49.999998807907104,53.905577659606934,40.01742124557495
chord_flute_74.wav,50.00000238418579,10.000000298023224,30.36861151456833,22.126087546348572
chord_flute_74.wav,25.000001192092896,20.000000596046448,28.23972076177597,39.257601499557495
chord_flute_74.wav,20.000000149011612,30.0,27.44319587945938,37.177122831344604
chord_flute_74.wav,40.000000298023224,30.0,45.11479318141937,33.345197439193726
chord_flute_74.wav,25.000001192092896,60.0,34.280624091625214,32.31363773345947
chord_flute_74.wav,5.000000037252903,40.000001192092896,12.171303927898407,37.29687452316284
chord_flute_74.wav,50.00000238418579,40.000001192092896,55.23622691631317,27.40879476070404
chord_flute_74.wav,74.99999821186066,49.999998807907104,62.52923905849457,34.06773805618286
chord_flute_74.wav,64.9999988079071,0.0,44.40166085958481,32.79132843017578
chord_flute_74.wav,25.000001192092896,40.000001192092896,36.87684416770935,55.012500286102295
chord_flute_74.wav,40.000000298023224,0.0,51.70621454715729,24.844037890434265
chord_flute_74.wav,50.00000238418579,30.0,45.36137402057648,14.436026215553284
chord_flute_74.wav,70.0000011920929,20.000000596046448,40.26340663433075,35.820515155792236
chord_flute_74.wav,45.0,0.0,53.00995051860809,28.82128357887268
chord_flute_74.wav,15.000000447034836,30.0,14.86620381474495,23.890807628631592
chord_flute_74.wav,45.0,20.000000596046448,49.41932559013367,31.44505262374878
chord_flute_74.wav,70.0000011920929,10.000000298023224,31.898138523101807,28.248878717422485
chord_flute_74.wav,70.0000011920929,30.0,38.53937119245529,15.79549491405487
chord_flute_74.wav,40.000000298023224,49.999998807907104,34.20464515686035,40.42030334472656
chord_flute_74.wav,20.000000149011612,10.000000298023224,34.62438404560089,34.29282546043396
chord_flute_74.wav,70.0000011920929,10.000000298023224,47.39972949028015,15.338510870933533
chord_flute_74.wav,70.0000011920929,49.999998807907104,44.76138800382614,23.256223797798157
chord_flute_74.wav,54.99999940395355,10.000000298023224,44.62589085102081,24.30860996246338
chord_flute_74.wav,10.000000074505806,10.000000298023224,20.72895884513855,42.178215980529785
chord_flute_74.wav,25.000001192092896,20.000000596046448,37.79392898082733,27.314811944961548
chord_flute_74.wav,0.0,10.000000298023224,11.586049944162369,35.018413066864014
chord_flute_74.wav,45.0,20.000000596046448,57.0784056186676,45.59749960899353
chord_flute_74.wav,20.000000149011612,0.0,35.09332537651062,50.139126777648926
chord_flute_74.wav,15.000000447034836,0.0,19.280037581920624,34.03753638267517
chord_flute_89.wav,15.000000447034836,0.0,17.536367028951645,21.080671548843384
chord_flute_89.wav,45.0,60.0,21.777898371219635,29.788761734962463
chord_flute_89.wav,10.000000074505806,20.000000596046448,6.043745130300522,34.32520866394043
chord_flute_89.wav,5.000000037252903,60.0,14.797335416078568,24.449111223220825
chord_flute_89.wav,40.000000298023224,30.0,18.468787372112274,31.22286558151245
chord_flute_89.wav,50.00000238418579,10.000000298023224,27.603353261947632,22.36971616744995
chord_flute_89.wav,15.000000447034836,10.000000298023224,-2.3730237409472466,21.848602294921875
chord_flute_89.wav,0.0,60.0,-0.3794004349038005,23.195468187332153
chord_flute_89.wav,25.000001192092896,30.0,23.98991882801056,24.932026863098145
chord_flute_89.wav,90.0,30.0,32.76321530342102,27.188610434532166
chord_flute_89.wav,50.00000238418579,0.0,36.72821223735809,22.74212121963501
chord_flute_89.wav,35.00000059604645,49.999998807907104,18.96356239914894,22.25080132484436
chord_flute_89.wav,35.00000059604645,30.0,24.441441893577576,26.49495542049408
chord_flute_89.wav,74.99999821186066,30.0,22.53831535577774,28.83637547492981
chord_flute_89.wav,54.99999940395355,40.000001192092896,12.854195684194565,19.561010599136353
chord_flute_89.wav,30.00000089406967,30.0,22.61537253856659,26.281213760375977
chord_flute_89.wav,84.99999761581421,20.000000596046448,18.616814464330673,21.771633625030518
chord_flute_89.wav,84.99999761581421,49.999998807907104,42.92587459087372,20.904824137687683
chord_flute_89.wav,64.9999988079071,40.000001192092896,42.61080354452133,25.604715943336487
chord_flute_89.wav,40.000000298023224,20.000000596046448,27.7754008769989,16.750683188438416
chord_flute_89.wav,50.00000238418579,20.000000596046448,27.106704711914062,22.341061234474182
chord_flute_89.wav,45.0,0.0,30.879105627536774,14.820703268051147
chord_flute_89.wav,35.00000059604645,40.000001192092896,20.32271683216095,26.08752965927124
chord_flute_89.wav,30.00000089406967,60.0,16.472180485725403,15.42971670627594
chord_flute_89.wav,45.0,30.0,22.296236604452133,23.20007622241974
chord_flute_89.wav,50.00000238418579,49.999998807907104,15.943818837404251,23.883063197135925
chord_flute_89.wav,30.00000089406967,10.000000298023224,27.32077181339264,30.556082725524902
chord_flute_89.wav,5.000000037252903,10.000000298023224,-9.882725849747658,21.748030185699463
chord_flute_89.wav,0.0,10.000000298023224,-7.853418812155724,24.962545037269592
chord_flute_89.wav,50.00000238418579,60.0,26.123911142349243,31.581552028656006
chord_flute_89.wav,50.00000238418579,60.0,32.52482324838638,26.27862811088562
chord_flute_89.wav,54.99999940395355,30.0,14.12541925907135,24.02503252029419
chord_flute_89.wav,64.9999988079071,20.000000596046448,26.14844799041748,32.31814384460449
chord_flute_89.wav,25.000001192092896,20.000000596046448,25.024157166481018,23.83940577507019
chord_flute_89.wav,60.00000178813934,30.0,31.698026955127716,25.187952518463135
chord_flute_89.wav,90.0,20.000000596046448,22.877856194972992,29.89360213279724
chord_flute_89.wav,50.00000238418579,30.0,5.292896926403046,23.597077131271362
chord_flute_89.wav,10.000000074505806,0.0,4.0394775196909904,28.8094300031662
chord_flute_89.wav,10.000000074505806,10.000000298023224,21.87219813466072,33.88413190841675
chord_flute_89.wav,25.000001192092896,20.000000596046448,16.69701799750328,24.166524410247803
chord_flute_89.wav,74.99999821186066,0.0,23.012690842151642,17.5892436504364
chord_flute_89.wav,25.000001192092896,60.0,18.10969188809395,18.100394010543823
chord_flute_89.wav,30.00000089406967,40.000001192092896,20.309972316026688,29.263014793395996
chord_flute_89.wav,25.000001192092896,30.0,11.076197549700737,22.289435863494873
chord_flute_89.wav,90.0,40.000001192092896,32.08612382411957,20.32405972480774
chord_flute_89.wav,70.0000011920929,40.000001192092896,34.48591768741608,20.913142561912537
chord_flute_89.wav,45.0,10.000000298023224,28.73907297849655,21.647669076919556
chord_flute_89.wav,40.000000298023224,10.000000298023224,25.210165679454803,21.65714979171753
chord_flute_89.wav,15.000000447034836,40.000001192092896,-17.685332894325256,31.966391801834106
chord_flute_89.wav,5.000000037252903,60.0,-5.624361969530582,22.595996260643005
chord_flute_89.wav,60.00000178813934,30.0,23.291627168655396,18.386424779891968
chord_flute_89.wav,0.0,0.0,5.171109549701214,21.117380261421204
chord_flute_89.wav,70.0000011920929,0.0,30.64386248588562,19.15875792503357
chord_flute_89.wav,5.000000037252903,40.000001192092896,-7.929007485508919,38.90089273452759
chord_flute_89.wav,54.99999940395355,10.000000298023224,25.093296468257904,23.134342432022095
chord_flute_89.wav,0.0,0.0,-5.714138522744179,24.172852635383606
chord_flute_89.wav,54.99999940395355,10.000000298023224,33.765253722667694,30.10394811630249
chord_flute_89.wav,80.00000059604645,0.0,28.789117634296417,28.007608652114868
chord_flute_89.wav,84.99999761581421,60.0,15.808882266283035,25.262571573257446
chord_flute_89.wav,64.9999988079071,20.000000596046448,28.48291128873825,24.48465585708618
chord_flute_89.wav,54.99999940395355,20.000000596046448,25.308683216571808,28.983346223831177
chord_flute_89.wav,45.0,20.000000596046448,33.43334376811981,18.64234149456024
chord_flute_89.wav,54.99999940395355,10.000000298023224,25.850449204444885,24.043630957603455
chord_flute_89.wav,80.00000059604645,60.0,16.054709404706955,30.365588665008545
chord_flute_89.wav,0.0,30.0,1.5645553171634674,24.027299880981445
chord_flute_89.wav,35.00000059604645,40.000001192092896,24.148528575897217,27.50217318534851
chord_flute_89.wav,15.000000447034836,10.000000298023224,12.051921486854553,28.35700035095215
chord_flute_89.wav,10.000000074505806,20.000000596046448,3.298167921602726,26.7253178358078
chord_flute_89.wav,45.0,0.0,20.53116872906685,19.18647587299347
chord_flute_89.wav,84.99999761581421,0.0,32.878212332725525,11.405069231987
chord_flute_89.wav,64.9999988079071,30.0,28.381521105766296,22.66319453716278
chord_flute_89.wav,60.00000178813934,60.0,24.52126443386078,19.767544269561768
chord_flute_89.wav,30.00000089406967,60.0,20.485565811395645,24.264108538627625
chord_flute_89.wav,20.000000149011612,10.000000298023224,14.131289273500443,23.506305813789368
chord_flute_89.wav,50.00000238418579,20.000000596046448,24.77551907300949,16.3181734085083
chord_flute_89.wav,80.00000059604645,49.999998807907104,37.75952160358429,27.167360186576843
chord_flute_89.wav,40.000000298023224,10.000000298023224,26.792591214179993,21.49070978164673
chord_flute_89.wav,84.99999761581421,30.0,17.59300857782364,19.6841561794281
chord_flute_89.wav,74.99999821186066,20.000000596046448,15.317423790693283,25.85841178894043
chord_flute_89.wav,5.000000037252903,0.0,-9.592679142951965,24.03001070022583
chord_flute_89.wav,15.000000447034836,60.0,-4.292695485055447,29.208170771598816
chord_flute_89.wav,74.99999821186066,10.000000298023224,11.49917721748352,17.724300026893616
chord_flute_89.wav,50.00000238418579,30.0,29.84337866306305,26.869788765907288
chord_flute_89.wav,70.0000011920929,60.0,27.730371952056885,32.798484563827515
chord_flute_89.wav,50.00000238418579,10.000000298023224,38.34435045719147,21.563615798950195
chord_flute_89.wav,35.00000059604645,0.0,15.943910032510757,25.29719889163971
chord_flute_89.wav,15.000000447034836,40.000001192092896,-12.462573051452637,29.61369037628174
chord_flute_89.wav,40.000000298023224,49.999998807907104,17.3630091547966,28.15423607826233
chord_flute_89.wav,60.00000178813934,40.000001192092896,28.907872438430786,24.619048833847046
chord_flute_89.wav,64.9999988079071,49.999998807907104,28.44473272562027,25.12880265712738
chord_flute_89.wav,25.000001192092896,60.0,19.48646306991577,26.461172103881836
chord_flute_89.wav,54.99999940395355,20.000000596046448,28.011467456817627,17.90080189704895
chord_flute_89.wav,50.00000238418579,10.000000298023224,20.947454273700714,18.459497094154358
chord_flute_89.wav,10.000000074505806,40.000001192092896,-11.27601072192192,30.414243936538696
chord_flute_89.wav,0.0,0.0,-3.1578924134373665,23.81285548210144
chord_flute_89.wav,10.000000074505806,20.000000596046448,-6.669643968343735,27.444482445716858
chord_flute_89.wav,80.00000059604645,20.000000596046448,17.70993947982788,21.272989511489868
chord_flute_89.wav,54.99999940395355,20.000000596046448,25.618759989738464,17.701492309570312
chord_flute_89.wav,80.00000059604645,60.0,20.072274953126907,31.187968254089355
chord_flute_89.wav,74.99999821186066,30.0,22.846034467220306,26.33841633796692
chord_flute_89.wav,64.9999988079071,10.000000298023224,16.366317719221115,18.414852619171143
chord_flute_89.wav,35.00000059604645,10.000000298023224,25.66769689321518,27.94898271560669
chord_flute_89.wav,80.00000059604645,40.000001192092896,32.32030749320984,21.21740162372589
chord_flute_89.wav,50.00000238418579,0.0,26.792937219142914,12.747899293899536
chord_flute_89.wav,25.000001192092896,0.0,21.204136312007904,23.241936564445496
chord_flute_89.wav,25.000001192092896,60.0,6.584705114364624,27.892591953277588
chord_flute_89.wav,15.000000447034836,60.0,5.329589210450649,21.761999130249023
chord_flute_89.wav,40.000000298023224,49.999998807907104,17.070507556200027,24.203436970710754
chord_flute_89.wav,54.99999940395355,10.000000298023224,29.920564591884613,13.402274250984192
chord_flute_89.wav,45.0,20.000000596046448,3.1073515489697456,20.288482904434204
chord_flute_89.wav,15.000000447034836,30.0,13.370305001735687,34.083473682403564
chord_flute_89.wav,0.0,20.000000596046448,-2.879851944744587,20.51058053970337
chord_flute_89.wav,50.00000238418579,40.000001192092896,35.828572511672974,18.890027403831482
chord_flute_89.wav,64.9999988079071,60.0,16.07389524579048,26.720632910728455
chord_flute_89.wav,45.0,20.000000596046448,2.765365708619356,28.321802616119385
chord_flute_89.wav,90.0,20.000000596046448,19.529728442430496,23.53642165660858
chord_flute_89.wav,80.00000059604645,0.0,32.82205492258072,15.541375279426575
chord_flute_89.wav,80.00000059604645,49.999998807907104,27.56397306919098,29.050709009170532
chord_flute_89.wav,64.9999988079071,40.000001192092896,21.60192534327507,17.85042643547058
chord_flute_89.wav,35.00000059604645,0.0,35.19154518842697,37.60857582092285
chord_flute_89.wav,30.00000089406967,10.000000298023224,20.69403648376465,29.364352226257324
chord_flute_89.wav,54.99999940395355,49.999998807907104,29.811827838420868,18.054016828536987
chord_flute_89.wav,54.99999940395355,30.0,17.55787968635559,28.187052011489868
chord_flute_89.wav,5.000000037252903,49.999998807907104,-3.0605557188391685,24.286036491394043
chord_flute_89.wav,70.0000011920929,60.0,23.859029710292816,25.319563150405884
chord_flute_89.wav,10.000000074505806,49.999998807907104,-2.030891552567482,31.27801537513733
chord_flute_89.wav,84.99999761581421,10.000000298023224,27.127363085746765,25.32365083694458
chord_flute_89.wav,60.00000178813934,49.999998807907104,17.45737597346306,21.56330108642578
chord_flute_89.wav,10.000000074505806,40.000001192092896,9.908422082662582,28.53921890258789
chord_flute_89.wav,20.000000149011612,0.0,23.80091428756714,20.832138061523438
chord_flute_89.wav,15.000000447034836,20.000000596046448,18.39507758617401,26.833183765411377
chord_flute_89.wav,0.0,30.0,4.517352283000946,25.417091846466064
chord_flute_89.wav,25.000001192092896,10.000000298023224,22.143661826848984,29.448033571243286
chord_flute_89.wav,60.00000178813934,49.999998807907104,27.453208565711975,14.74417269229889
chord_flute_89.wav,25.000001192092896,0.0,28.526786863803864,33.91149044036865
chord_flute_89.wav,60.00000178813934,0.0,32.45277374982834,27.632607221603394
chord_flute_89.wav,74.99999821186066,20.000000596046448,22.679501473903656,28.288164138793945
chord_flute_89.wav,60.00000178813934,0.0,13.218168765306473,19.122215509414673
chord_flute_89.wav,60.00000178813934,40.000001192092896,21.71812266111374,16.236902475357056
chord_flute_89.wav,45.0,20.000000596046448,14.945464432239532,23.152806758880615
chord_flute_90.wav,20.000000149011612,49.999998807907104,20.62135800719261,20.558592081069946
chord_flute_90.wav,90.0,0.0,12.338524907827377,15.39660930633545
chord_flute_90.wav,20.000000149011612,20.000000596046448,7.747255638241768,17.479718327522278
chord_flute_90.wav,25.000001192092896,40.000001192092896,7.874142900109291,25.435523986816406
chord_flute_90.wav,25.000001192092896,60.0,13.645750433206558,23.501415252685547
chord_flute_90.wav,35.00000059604645,40.000001192092896,25.692469775676727,22.82564342021942
chord_flute_90.wav,0.0,10.000000298023224,-1.1524501629173756,24.830482006072998
chord_flute_90.wav,35.00000059604645,10.000000298023224,13.450985848903656,23.29092800617218
chord_flute_90.wav,10.000000074505806,0.0,26.858785450458527,25.33596396446228
chord_flute_90.wav,80.00000059604645,10.000000298023224,9.510527104139328,15.422415733337402
chord_flute_90.wav,40.000000298023224,20.000000596046448,13.162848204374313,24.194852113723755
chord_flute_90.wav,60.00000178813934,40.000001192092896,12.785552591085434,18.59461784362793
chord_flute_90.wav,80.00000059604645,30.0,26.28926396369934,18.712701201438904
chord_flute_90.wav,20.000000149011612,40.000001192092896,8.097300007939339,29.09161627292633
chord_flute_90.wav,80.00000059604645,10.000000298023224,10.210101529955864,19.770875573158264
chord_flute_90.wav,45.0,20.000000596046448,2.7882258407771587,21.857939958572388
chord_flute_90.wav,10.000000074505806,49.999998807907104,7.624272331595421,23.37078630924225
chord_flute_90.wav,5.000000037252903,0.0,8.755414187908173,29.062153100967407
chord_flute_90.wav,60.00000178813934,40.000001192092896,9.925834313035011,18.12154233455658
chord_flute_90.wav,60.00000178813934,40.000001192092896,12.858218997716904,23.519418239593506
chord_flute_90.wav,54.99999940395355,49.999998807907104,9.553779736161232,20.16212224960327
chord_flute_90.wav,40.000000298023224,20.000000596046448,7.6446376740932465,27.54371702671051
chord_flute_90.wav,35.00000059604645,30.0,5.135649740695953,20.950756072998047
chord_flute_90.wav,50.00000238418579,40.000001192092896,25.50704061985016,29.288697838783264
chord_flute_90.wav,90.0,20.000000596046448,14.125904738903046,19.699805974960327
chord_flute_90.wav,30.00000089406967,0.0,21.699123233556747,24.931869506835938
chord_flute_90.wav,25.000001192092896,60.0,9.029657319188118,24.698250889778137
chord_flute_90.wav,70.0000011920929,49.999998807907104,17.838386446237564,25.970066785812378
chord_flute_90.wav,80.00000059604645,60.0,10.521398037672043,33.87910723686218
chord_flute_90.wav,84.99999761581421,20.000000596046448,19.223400056362152,13.512389659881592
chord_flute_90.wav,74.99999821186066,20.000000596046448,14.854247868061066,14.785323143005371
chord_flute_90.wav,84.99999761581421,40.000001192092896,8.19484792649746,18.30700993537903
chord_flute_90.wav,50.00000238418579,40.000001192092896,11.52660146355629,21.84613287448883
chord_flute_90.wav,50.00000238418579,20.000000596046448,7.011943459510803,18.84880006313324
chord_flute_90.wav,0.0,60.0,0.4306180542334914,24.01505470275879
chord_flute_90.wav,90.0,20.000000596046448,27.108882665634155,19.76914644241333
chord_flute_90.wav,30.00000089406967,20.000000596046448,1.5670189261436462,19.024409651756287
chord_flute_90.wav,70.0000011920929,49.999998807907104,21.32029876112938,21.06880009174347
chord_flute_90.wav,84.99999761581421,49.999998807907104,17.908532917499542,19.445711374282837
chord_flute_90.wav,0.0,60.0,-2.712777815759182,21.041677594184875
chord_flute_90.wav,10.000000074505806,40.000001192092896,4.202897138893604,21.404648423194885
chord_flute_90.wav,30.00000089406967,10.000000298023224,13.353649824857712,26.406480073928833
chord_flute_90.wav,70.0000011920929,49.999998807907104,22.04698696732521,21.052004098892212
chord_flute_90.wav,40.000000298023224,49.999998807907104,3.770325221121311,17.86833643913269
chord_flute_90.wav,80.00000059604645,40.000001192092896,17.60269269347191,16.834133863449097
chord_flute_90.wav,15.000000447034836,40.000001192092896,4.177735336124897,25.70222318172455
chord_flute_90.wav,74.99999821186066,20.000000596046448,15.06007120013237,14.26519364118576
chord_flute_90.wav,30.00000089406967,40.000001192092896,16.873322278261185,23.3149516582489
chord_flute_90.wav,45.0,60.0,9.520372822880745,16.628698110580444
chord_flute_90.wav,60.00000178813934,10.000000298023224,27.347352504730225,17.770979404449463
chord_flute_90.wav,64.9999988079071,20.000000596046448,23.8448703289032,19.146995544433594
chord_flute_90.wav,20.000000149011612,60.0,4.420377351343632,17.829549908638
chord_flute_90.wav,10.000000074505806,49.999998807907104,5.686236843466759,21.29722774028778
chord_flute_90.wav,15.000000447034836,40.000001192092896,14.647896140813828,22.188913822174072
chord_flute_90.wav,74.99999821186066,10.000000298023224,19.635933190584183,17.91883885860443
chord_flute_90.wav,64.9999988079071,0.0,23.87041300535202,13.458881378173828
chord_flute_90.wav,15.000000447034836,20.000000596046448,7.974193319678307,23.990026116371155
chord_flute_90.wav,54.99999940395355,30.0,10.211146250367165,18.955605626106262
chord_flute_90.wav,80.00000059604645,40.000001192092896,36.43737494945526,28.05180072784424
chord_flute_90.wav,74.99999821186066,40.000001192092896,18.603591173887253,23.455989360809326
chord_flute_90.wav,20.000000149011612,30.0,12.767910361289978,20.876757502555847
chord_flute_90.wav,80.00000059604645,60.0,1.7009667679667473,25.521989464759827
chord_flute_90.wav,15.000000447034836,30.0,7.1336158365011215,17.60646343231201
chord_flute_90.wav,15.000000447034836,40.000001192092896,12.268932312726974,27.911667823791504
chord_flute_90.wav,84.99999761581421,60.0,4.5930760726332664,24.843844771385193
chord_flute_90.wav,60.00000178813934,20.000000596046448,12.3353411257267,21.351656913757324
chord_flute_90.wav,54.99999940395355,30.0,13.474339842796326,22.825927734375
chord_flute_90.wav,30.00000089406967,0.0,10.995133146643639,24.38051462173462
chord_flute_90.wav,0.0,30.0,0.7625122927129269,20.66550850868225
chord_flute_90.wav,25.000001192092896,40.000001192092896,20.442088544368744,24.482524394989014
chord_flute_90.wav,40.000000298023224,30.0,6.394268274307251,21.05696976184845
chord_flute_90.wav,0.0,20.000000596046448,-5.752063617110252,22.405096292495728
chord_flute_90.wav,74.99999821186066,20.000000596046448,13.70763972401619,19.652992486953735
chord_flute_90.wav,80.00000059604645,60.0,3.7590260803699493,20.973286628723145
chord_flute_90.wav,64.9999988079071,0.0,5.9608688950538635,20.242658257484436
chord_flute_90.wav,15.000000447034836,20.000000596046448,13.110317140817642,21.583188772201538
chord_flute_90.wav,45.0,49.999998807907104,8.85451577603817,20.849450826644897
chord_flute_90.wav,60.00000178813934,49.999998807907104,8.497080579400063,23.33694577217102
chord_flute_90.wav,20.000000149011612,40.000001192092896,9.991720095276833,19.603171348571777
chord_flute_90.wav,40.000000298023224,0.0,16.55700132250786,19.737335443496704
chord_flute_90.wav,60.00000178813934,10.000000298023224,31.85187041759491,24.113699197769165
chord_flute_90.wav,64.9999988079071,60.0,11.168979182839394,27.155964374542236
chord_flute_90.wav,74.99999821186066,30.0,14.095287322998047,19.464261531829834
chord_flute_90.wav,5.000000037252903,0.0,0.7257819548249245,23.67295503616333
chord_flute_90.wav,10.000000074505806,20.000000596046448,7.719259411096573,24.317293167114258
chord_flute_90.wav,50.00000238418579,10.000000298023224,23.407163321971893,19.36495006084442
chord_flute_90.wav,15.000000447034836,0.0,9.632120355963707,22.620293498039246
chord_flute_90.wav,45.0,10.000000298023224,10.076918452978134,18.34720551967621
chord_flute_90.wav,40.000000298023224,40.000001192092896,20.203730016946793,16.6014164686203
chord_flute_90.wav,30.00000089406967,60.0,4.84786681830883,21.11759662628174
chord_flute_90.wav,10.000000074505806,0.0,6.322244927287102,22.58727192878723
chord_flute_90.wav,54.99999940395355,20.000000596046448,15.877011716365814,20.549726486206055
chord_flute_90.wav,70.0000011920929,30.0,11.271695047616959,19.63329255580902
chord_flute_90.wav,50.00000238418579,60.0,13.46266284584999,20.985910892486572
chord_flute_90.wav,64.9999988079071,20.000000596046448,38.14803957939148,23.61683964729309
chord_flute_90.wav,64.9999988079071,49.999998807907104,15.523460358381271,16.661219000816345
chord_flute_90.wav,30.00000089406967,49.999998807907104,19.688183963298798,23.813542127609253
chord_flute_90.wav,25.000001192092896,20.000000596046448,10.78665241599083,23.36475133895874
chord_flute_90.wav,64.9999988079071,30.0,20.8967162668705,23.612281680107117
chord_flute_90.wav,50.00000238418579,40.000001192092896,23.18653553724289,15.681538581848145
chord_flute_90.wav,5.000000037252903,40.000001192092896,6.052208170294762,26.836817264556885
chord_flute_90.wav,40.000000298023224,40.000001192092896,11.536819338798523,23.58184039592743
chord_flute_90.wav,64.9999988079071,30.0,13.527206182479858,23.025253415107727
chord_flute_90.wav,64.9999988079071,40.000001192092896,18.352321833372116,19.082976579666138
chord_flute_90.wav,84.99999761581421,30.0,10.465030744671822,19.6570086479187
chord_flute_90.wav,45.0,10.000000298023224,13.368986696004868,26.064151525497437
chord_flute_90.wav,74.99999821186066,10.000000298023224,1.5320013463497162,23.399564623832703
chord_flute_90.wav,60.00000178813934,10.000000298023224,23.691319227218628,13.848235309123993
chord_flute_90.wav,10.000000074505806,60.0,4.72270991653204,21.249579191207886
chord_flute_90.wav,5.000000037252903,30.0,8.479630798101425,23.674229979515076
chord_flute_90.wav,10.000000074505806,49.999998807907104,7.182173877954483,29.475102424621582
chord_flute_90.wav,15.000000447034836,30.0,10.792006775736809,29.052364826202393
chord_flute_90.wav,80.00000059604645,0.0,15.730332434177399,26.305394768714905
chord_flute_90.wav,50.00000238418579,30.0,10.638813748955727,19.05175030231476
chord_flute_90.wav,84.99999761581421,10.000000298023224,17.839054316282272,15.270758271217346
chord_flute_90.wav,70.0000011920929,49.999998807907104,4.724684022367001,19.038251638412476
chord_flute_90.wav,64.9999988079071,40.000001192092896,24.455126523971558,21.975998282432556
chord_flute_90.wav,50.00000238418579,60.0,3.1921355053782463,18.467928171157837
chord_flute_90.wav,60.00000178813934,10.000000298023224,26.122411787509918,19.691709280014038
chord_flute_90.wav,60.00000178813934,0.0,11.701158285140991,17.339635491371155
chord_flute_91.wav,25.000001192092896,40.000001192092896,27.50851035118103,18.129841089248657
chord_flute_91.wav,50.00000238418579,60.0,15.029274076223373,24.02290642261505
chord_flute_91.wav,10.000000074505806,60.0,-17.67433851957321,22.96213388442993
chord_flute_91.wav,5.000000037252903,0.0,3.5265928879380226,30.93801498413086
chord_flute_91.wav,15.000000447034836,49.999998807907104,28.695709705352783,31.17502212524414
chord_flute_91.wav,54.99999940395355,10.000000298023224,34.15106534957886,9.632372260093689
chord_flute_91.wav,64.9999988079071,20.000000596046448,27.629944682121277,12.901604175567627
chord_flute_91.wav,80.00000059604645,0.0,31.84696465730667,6.984089612960815
chord_flute_91.wav,5.000000037252903,20.000000596046448,-7.496015802025795,27.186866998672485
chord_flute_91.wav,84.99999761581421,30.0,39.5538255572319,19.513102769851685
chord_flute_91.wav,45.0,40.000001192092896,21.04030430316925,20.014098286628723
chord_flute_91.wav,60.00000178813934,20.000000596046448,22.534080147743225,18.088504672050476
chord_flute_91.wav,40.000000298023224,30.0,27.63759970664978,23.480994701385498
chord_flute_91.wav,20.000000149011612,49.999998807907104,21.53767704963684,22.36739158630371
chord_flute_91.wav,60.00000178813934,60.0,16.048197001218796,29.80319917201996
chord_flute_91.wav,25.000001192092896,40.000001192092896,21.27829134464264,28.114922046661377
chord_flute_91.wav,90.0,0.0,38.44911217689514,5.023572742938995
chord_flute_91.wav,80.00000059604645,30.0,30.678516626358032,12.937634289264679
chord_flute_91.wav,84.99999761581421,0.0,17.872368693351746,20.393040776252747
chord_flute_91.wav,15.000000447034836,60.0,17.09537699818611,35.189645290374756
chord_flute_91.wav,54.99999940395355,30.0,24.18392300605774,24.99114453792572
chord_flute_91.wav,60.00000178813934,0.0,7.771139368414879,18.794034719467163
chord_flute_91.wav,30.00000089406967,49.999998807907104,25.328349173069,20.80502986907959
chord_flute_91.wav,5.000000037252903,10.000000298023224,-10.181926265358925,28.620479106903076
chord_flute_91.wav,30.00000089406967,40.000001192092896,31.644283533096313,22.484115958213806
chord_flute_91.wav,20.000000149011612,60.0,-12.075101137161255,27.760666608810425
chord_flute_91.wav,5.000000037252903,30.0,-3.9741794764995575,29.089558124542236
chord_flute_91.wav,20.000000149011612,30.0,16.216181069612503,23.054137229919434
chord_flute_91.wav,30.00000089406967,40.000001192092896,32.29336202144623,21.95282220840454
chord_flute_91.wav,80.00000059604645,10.000000298023224,14.076509177684784,22.084497213363647
chord_flute_91.wav,25.000001192092896,0.0,10.29567539691925,17.877906560897827
chord_flute_91.wav,15.000000447034836,49.999998807907104,4.772031046450138,31.805226802825928
chord_flute_91.wav,5.000000037252903,60.0,-10.729572996497154,23.35514187812805
chord_flute_91.wav,60.00000178813934,0.0,20.922106057405472,21.44061505794525
chord_flute_91.wav,74.99999821186066,30.0,37.22939908504486,20.251314640045166
chord_flute_91.wav,10.000000074505806,60.0,3.1737107411026955,24.643685817718506
chord_flute_91.wav,84.99999761581421,60.0,34.41427856683731,27.791765928268433
chord_flute_91.wav,30.00000089406967,60.0,17.87470892071724,22.98897385597229
chord_flute_91.wav,80.00000059604645,10.000000298023224,-11.473634541034698,24.67237114906311
chord_flute_91.wav,30.00000089406967,10.000000298023224,-0.22698633838444948,19.069547653198242
chord_flute_91.wav,5.000000037252903,30.0,-1.0850620083510876,29.081116318702698
chord_flute_91.wav,5.000000037252903,20.000000596046448,1.886526346206665,26.844027042388916
chord_flute_91.wav,10.000000074505806,60.0,2.857961766421795,30.308210849761963
chord_flute_91.wav,70.0000011920929,60.0,34.96414214372635,13.343836069107056
chord_flute_91.wav,45.0,20.000000596046448,31.97483092546463,17.585045099258423
chord_flute_91.wav,20.000000149011612,40.000001192092896,-1.8870639614760876,21.914877891540527
chord_flute_91.wav,35.00000059604645,30.0,26.695961952209473,20.289981365203857
chord_flute_91.wav,30.00000089406967,0.0,31.301982700824738,22.896113991737366
chord_flute_91.wav,40.000000298023224,49.999998807907104,23.133392930030823,25.405901670455933
chord_flute_91.wav,45.0,10.000000298023224,12.123667895793915,23.77029240131378
chord_flute_91.wav,30.00000089406967,10.000000298023224,39.989963471889496,21.154335737228394
chord_flute_91.wav,35.00000059604645,30.0,19.088324010372162,21.456027030944824
chord_flute_91.wav,15.000000447034836,0.0,1.5358362346887589,23.49690556526184
chord_flute_91.wav,5.000000037252903,49.999998807907104,-2.1859581023454666,29.87052083015442
chord_flute_91.wav,64.9999988079071,0.0,45.600407123565674,10.510447025299072
chord_flute_91.wav,84.99999761581421,20.000000596046448,14.060006886720657,20.459044575691223
chord_flute_91.wav,64.9999988079071,30.0,18.413460105657578,22.247954607009888
chord_flute_91.wav,25.000001192092896,60.0,20.730411261320114,18.123579025268555
chord_flute_91.wav,40.000000298023224,10.000000298023224,29.215446710586548,30.523499250411987
chord_flute_91.wav,70.0000011920929,60.0,30.972905158996582,23.86267125606537
chord_flute_91.wav,60.00000178813934,10.000000298023224,36.66916608810425,15.08779227733612
chord_flute_91.wav,90.0,10.000000298023224,15.596071779727936,16.548221111297607
chord_flute_91.wav,15.000000447034836,0.0,11.387380063533783,18.693212270736694
chord_flute_91.wav,0.0,49.999998807907104,-1.5057217329740524,30.535082817077637
chord_flute_91.wav,30.00000089406967,40.000001192092896,20.80973356962204,31.709593534469604
chord_flute_91.wav,35.00000059604645,30.0,26.272052228450775,22.465721368789673
chord_flute_91.wav,30.00000089406967,10.000000298023224,14.684612900018692,20.35144865512848
chord_flute_91.wav,74.99999821186066,0.0,37.72927165031433,9.100581407546997
chord_flute_91.wav,25.000001192092896,40.000001192092896,14.728449583053589,21.05149269104004
chord_flute_91.wav,25.000001192092896,20.000000596046448,11.218385472893715,13.002896010875702
chord_flute_91.wav,35.00000059604645,10.000000298023224,0.5867797834798694,18.14924418926239
chord_flute_91.wav,35.00000059604645,30.0,36.09287470579147,15.133783221244812
chord_flute_91.wav,10.000000074505806,20.000000596046448,-14.239382296800613,24.22096610069275
chord_flute_91.wav,84.99999761581421,30.0,37.213096618652344,25.949091911315918
chord_flute_91.wav,20.000000149011612,20.000000596046448,5.543513484299183,19.432761669158936
chord_flute_91.wav,15.000000447034836,20.000000596046448,12.064415216445923,22.632665634155273
chord_flute_91.wav,80.00000059604645,40.000001192092896,37.28879928588867,24.492030143737793
chord_flute_91.wav,54.99999940395355,60.0,16.408699303865433,18.28141450881958
chord_flute_91.wav,5.000000037252903,49.999998807907104,-7.651055529713631,31.246930360794067
chord_flute_91.wav,74.99999821186066,60.0,16.982115358114243,30.382425785064697
chord_flute_91.wav,20.000000149011612,10.000000298023224,27.642526924610138,21.953680515289307
chord_flute_91.wav,50.00000238418579,10.000000298023224,12.900343090295792,23.721928596496582
chord_flute_91.wav,10.000000074505806,40.000001192092896,15.846655815839767,30.40872573852539
chord_flute_91.wav,15.000000447034836,30.0,-3.6321958154439926,33.76511335372925
chord_flute_91.wav,35.00000059604645,49.999998807907104,20.8610737323761,24.462794065475464
chord_flute_91.wav,20.000000149011612,60.0,2.669174149632454,21.60907745361328
chord_flute_91.wav,74.99999821186066,49.999998807907104,39.28540885448456,29.953739047050476
chord_flute_91.wav,90.0,20.000000596046448,24.250736832618713,16.984398365020752
chord_flute_91.wav,40.000000298023224,60.0,13.545490801334381,19.64530348777771
chord_flute_91.wav,70.0000011920929,0.0,36.20355874300003,12.716484367847443
chord_flute_91.wav,74.99999821186066,60.0,10.8806973695755,26.72221004962921
chord_flute_91.wav,74.99999821186066,60.0,-1.2578599713742733,19.054983258247375
chord_flute_91.wav,64.9999988079071,49.999998807907104,15.311771035194397,17.926729917526245
chord_flute_91.wav,40.000000298023224,20.000000596046448,7.767345383763313,26.57080113887787
chord_flute_91.wav,40.000000298023224,60.0,26.993740797042847,23.023592233657837
chord_flute_91.wav,25.000001192092896,60.0,33.07509183883667,23.243086338043213
chord_flute_91.wav,15.000000447034836,60.0,-4.719774909317493,33.98013353347778
chord_flute_91.wav,35.00000059604645,0.0,23.429854810237885,24.744561910629272
chord_flute_91.wav,74.99999821186066,30.0,40.696481466293335,9.750740826129913
chord_flute_91.wav,80.00000059604645,0.0,38.60345184803009,23.827192783355713
chord_flute_91.wav,45.0,10.000000298023224,12.147109061479568,21.571340560913086
chord_flute_91.wav,50.00000238418579,0.0,17.214771509170532,21.545047760009766
chord_flute_91.wav,70.0000011920929,20.000000596046448,28.698340952396393,22.600715160369873
chord_flute_91.wav,30.00000089406967,10.000000298023224,20.125016570091248,19.77318584918976
chord_flute_91.wav,15.000000447034836,30.0,13.346757888793945,30.93519687652588
