true_azim,true_elev,pred_azim,pred_elev
64.9999988079071,30.0,36.87467694282532,29.275134801864624
70.0000011920929,60.0,42.65040636062622,33.51107597351074
80.00000059604645,30.0,47.277275919914246,22.52445638179779
84.99999761581421,30.0,60.140297412872314,26.41513466835022
60.00000178813934,30.0,49.73368048667908,20.62207281589508
35.00000059604645,20.000000596046448,45.6018340587616,31.183934211730957
10.000000074505806,20.000000596046448,24.83349233865738,31.659189462661743
0.0,30.0,18.722132742404938,36.424784660339355
40.000000298023224,0.0,52.52888560295105,25.811748504638672
45.0,20.000000596046448,47.37958073616028,26.14556908607483
80.00000059604645,20.000000596046448,57.791948318481445,22.012612223625183
80.00000059604645,40.000001192092896,57.16032028198242,28.962961435317993
5.000000037252903,10.000000298023224,18.995931297540665,34.914926290512085
74.99999821186066,40.000001192092896,61.778966188430786,27.842448949813843
90.0,40.000001192092896,53.66691470146179,26.388028264045715
50.00000238418579,20.000000596046448,52.77089059352875,33.67951154708862
30.00000089406967,30.0,35.42091965675354,32.56969928741455
15.000000447034836,0.0,25.531282424926758,28.044601678848267
5.000000037252903,60.0,16.64269119501114,29.346129298210144
84.99999761581421,30.0,57.46816277503967,27.372609972953796
60.00000178813934,40.000001192092896,50.11061668395996,30.394141674041748
15.000000447034836,20.000000596046448,17.197895050048828,25.002790689468384
20.000000149011612,0.0,30.045866668224335,21.658902168273926
45.0,20.000000596046448,55.960981249809265,30.011379718780518
84.99999761581421,49.999998807907104,68.77992331981659,44.24666404724121
15.000000447034836,20.000000596046448,21.40878215432167,32.7852988243103
10.000000074505806,49.999998807907104,18.962368816137314,27.96459674835205
20.000000149011612,0.0,31.840119659900665,36.97596788406372
70.0000011920929,0.0,69.74511623382568,29.53356921672821
15.000000447034836,20.000000596046448,35.80954223871231,36.023361682891846
60.00000178813934,60.0,35.303218960762024,37.83398509025574
35.00000059604645,49.999998807907104,47.87074685096741,49.09330129623413
30.00000089406967,20.000000596046448,37.57979214191437,24.59077477455139
45.0,10.000000298023224,40.176390409469604,14.60096150636673
84.99999761581421,30.0,49.50572490692139,22.86863386631012
80.00000059604645,60.0,55.658900141716,36.50430679321289
40.000000298023224,49.999998807907104,41.84521794319153,48.0833101272583
64.9999988079071,49.999998807907104,40.40079206228256,22.303460240364075
25.000001192092896,20.000000596046448,35.57617664337158,30.577890872955322
20.000000149011612,10.000000298023224,45.13110637664795,30.678759813308716
25.000001192092896,0.0,42.751286923885345,24.040753841400146
45.0,49.999998807907104,45.260528326034546,29.900187849998474
15.000000447034836,30.0,26.577448546886444,35.09988069534302
64.9999988079071,30.0,62.30123519897461,28.368855714797974
30.00000089406967,10.000000298023224,55.472336411476135,35.88141202926636
20.000000149011612,30.0,23.686121106147766,31.45805597305298
25.000001192092896,60.0,32.20209449529648,27.512488961219788
70.0000011920929,20.000000596046448,54.589165449142456,22.712219953536987
84.99999761581421,20.000000596046448,55.11445999145508,33.94089460372925
50.00000238418579,49.999998807907104,57.244638204574585,22.654151916503906
45.0,49.999998807907104,51.85649871826172,25.65626621246338
50.00000238418579,20.000000596046448,54.94632840156555,32.16609477996826
50.00000238418579,0.0,57.45374321937561,22.364214062690735
35.00000059604645,60.0,28.332010209560394,30.591602325439453
0.0,49.999998807907104,30.073710680007935,33.549474477767944
70.0000011920929,30.0,69.13223147392273,25.0812166929245
30.00000089406967,20.000000596046448,46.78871691226959,31.0819673538208
60.00000178813934,10.000000298023224,57.52192497253418,17.699064016342163
40.000000298023224,10.000000298023224,37.99570083618164,29.213268756866455
15.000000447034836,20.000000596046448,28.36431473493576,28.23024809360504
0.0,0.0,11.214868426322937,31.773451566696167
50.00000238418579,30.0,59.88521933555603,25.00566601753235
54.99999940395355,49.999998807907104,49.91567373275757,36.13298177719116
25.000001192092896,30.0,23.493635058403015,31.186552047729492
25.000001192092896,40.000001192092896,31.629351675510406,39.96070146560669
5.000000037252903,30.0,12.06736832857132,42.74287462234497
64.9999988079071,49.999998807907104,48.94338369369507,22.93279767036438
15.000000447034836,60.0,34.05665159225464,28.28386902809143
5.000000037252903,60.0,26.881463527679443,27.814879417419434
25.000001192092896,49.999998807907104,30.46592205762863,36.868135929107666
10.000000074505806,30.0,23.27630639076233,23.157345056533813
80.00000059604645,49.999998807907104,57.84433722496033,36.41256093978882
74.99999821186066,60.0,52.005178928375244,45.47893524169922
5.000000037252903,60.0,36.2204647064209,26.627912521362305
45.0,40.000001192092896,56.82359576225281,36.19305610656738
84.99999761581421,40.000001192092896,62.85511136054993,31.927438974380493
74.99999821186066,0.0,52.636646032333374,19.661704301834106
45.0,0.0,53.183709383010864,31.376559734344482
25.000001192092896,20.000000596046448,41.58797800540924,22.226287722587585
15.000000447034836,20.000000596046448,36.40813887119293,32.2151255607605
74.99999821186066,10.000000298023224,62.32909798622131,15.094512104988098
80.00000059604645,10.000000298023224,66.59972190856934,18.312941193580627
90.0,0.0,62.80913293361664,12.672134041786194
0.0,20.000000596046448,2.441561222076416,31.39474868774414
45.0,40.000001192092896,44.86860930919647,27.345961332321167
30.00000089406967,10.000000298023224,33.03012728691101,23.690478801727295
45.0,49.999998807907104,54.95831251144409,24.420922994613647
64.9999988079071,49.999998807907104,44.135695695877075,30.692256689071655
25.000001192092896,49.999998807907104,24.455370604991913,47.991371154785156
5.000000037252903,49.999998807907104,17.69538313150406,39.869145154953
70.0000011920929,40.000001192092896,54.036158323287964,23.740485906600952
30.00000089406967,49.999998807907104,23.829200863838196,45.061025619506836
25.000001192092896,0.0,37.35680401325226,24.01141583919525
45.0,0.0,52.058619260787964,17.34400749206543
50.00000238418579,0.0,46.79801344871521,18.304535150527954
20.000000149011612,49.999998807907104,28.92212837934494,43.20119619369507
35.00000059604645,40.000001192092896,44.07243847846985,41.36338233947754
25.000001192092896,40.000001192092896,34.854726791381836,28.45497965812683
70.0000011920929,20.000000596046448,65.50975799560547,28.50690007209778
15.000000447034836,0.0,35.84860324859619,24.25070285797119
80.00000059604645,20.000000596046448,52.70241379737854,19.46310818195343
74.99999821186066,0.0,60.16308546066284,19.923924207687378
74.99999821186066,40.000001192092896,67.32995867729187,33.74642014503479
70.0000011920929,0.0,54.25874948501587,12.735712230205536
15.000000447034836,0.0,23.505930304527283,40.440287590026855
10.000000074505806,20.000000596046448,35.337384939193726,30.929585695266724
25.000001192092896,20.000000596046448,34.987949430942535,21.614112854003906
54.99999940395355,0.0,68.86639773845673,19.325693249702454
74.99999821186066,49.999998807907104,61.36971473693848,39.62372660636902
5.000000037252903,30.0,26.42513930797577,29.004480242729187
35.00000059604645,40.000001192092896,38.13156008720398,32.61782169342041
60.00000178813934,10.000000298023224,61.53143048286438,13.094916343688965
5.000000037252903,49.999998807907104,30.861150920391083,32.96035051345825
35.00000059604645,30.0,52.820677757263184,36.07459902763367
54.99999940395355,49.999998807907104,58.741772174835205,33.77670764923096
74.99999821186066,10.000000298023224,61.49276375770569,22.248455286026
40.000000298023224,20.000000596046448,37.96298325061798,21.222513914108276
30.00000089406967,30.0,42.58046507835388,32.27035045623779
70.0000011920929,0.0,56.68639540672302,23.76133918762207
74.99999821186066,10.000000298023224,64.14493203163147,8.410980105400085
90.0,20.000000596046448,68.40646862983704,15.960643887519836
45.0,60.0,50.74404716491699,37.85581827163696
25.000001192092896,0.0,43.988608717918396,30.158439874649048
0.0,49.999998807907104,17.851809561252594,35.723862648010254
5.000000037252903,60.0,24.9856835603714,35.048149824142456
25.000001192092896,60.0,40.23212134838104,48.72124671936035
15.000000447034836,10.000000298023224,26.14047646522522,36.789793968200684
70.0000011920929,49.999998807907104,55.132548809051514,33.889217376708984
54.99999940395355,20.000000596046448,51.32080256938934,20.53941249847412
80.00000059604645,20.000000596046448,69.96837258338928,21.88512146472931
80.00000059604645,30.0,52.745221853256226,22.989113330841064
64.9999988079071,49.999998807907104,51.11307621002197,35.41072368621826
45.0,49.999998807907104,41.3850662112236,31.761656999588013
0.0,10.000000298023224,10.493705570697784,26.279409527778625
20.000000149011612,40.000001192092896,29.825094044208527,36.09221935272217
15.000000447034836,10.000000298023224,26.97539985179901,32.850050926208496
45.0,49.999998807907104,39.22833949327469,18.141156435012817
5.000000037252903,20.000000596046448,9.038911610841751,31.01488709449768
30.00000089406967,49.999998807907104,37.22683221101761,29.73321497440338
35.00000059604645,60.0,37.02035307884216,35.159021615982056
25.000001192092896,60.0,33.00581842660904,32.811208963394165
54.99999940395355,30.0,39.51507031917572,33.906240463256836
64.9999988079071,10.000000298023224,54.53737735748291,27.438098788261414
80.00000059604645,10.000000298023224,44.04573440551758,48.656795024871826
25.000001192092896,20.000000596046448,43.79841327667236,21.11878216266632
15.000000447034836,60.0,29.898208379745483,33.24545860290527
45.0,30.0,50.96989989280701,30.523574352264404
60.00000178813934,0.0,67.6743221282959,13.427807986736298
74.99999821186066,49.999998807907104,42.2803071141243,28.575410842895508
54.99999940395355,20.000000596046448,49.87100958824158,20.087063312530518
40.000000298023224,40.000001192092896,46.338427662849426,39.7641921043396
0.0,60.0,28.19000333547592,32.84078121185303
50.00000238418579,20.000000596046448,49.366180300712585,21.15818738937378
80.00000059604645,0.0,70.44177174568176,10.62543511390686
64.9999988079071,30.0,48.0504709482193,23.289265036582947
60.00000178813934,20.000000596046448,61.194223165512085,17.349395155906677
25.000001192092896,20.000000596046448,50.93537986278534,39.57549333572388
0.0,60.0,31.065977811813354,30.388273000717163
30.00000089406967,60.0,46.641356348991394,34.864068031311035
74.99999821186066,49.999998807907104,50.5182158946991,23.457645177841187
74.99999821186066,60.0,39.399333000183105,28.997451066970825
60.00000178813934,0.0,57.35755920410156,16.007879376411438
45.0,30.0,33.55076551437378,31.13325834274292
80.00000059604645,60.0,48.144686222076416,30.191173553466797
84.99999761581421,0.0,59.37342703342438,19.342676997184753
30.00000089406967,20.000000596046448,39.477524757385254,34.68876600265503
50.00000238418579,0.0,40.05021929740906,19.445884823799133
10.000000074505806,0.0,29.1985622048378,32.26419925689697
50.00000238418579,10.000000298023224,40.477253794670105,15.418723225593567
54.99999940395355,0.0,58.001691699028015,18.172266483306885
30.00000089406967,20.000000596046448,43.39039832353592,28.916466236114502
0.0,10.000000298023224,18.709247410297394,23.679893016815186
35.00000059604645,20.000000596046448,44.53705608844757,22.99037218093872
84.99999761581421,60.0,50.66387057304382,30.3209388256073
50.00000238418579,10.000000298023224,45.36926507949829,10.80881953239441
54.99999940395355,20.000000596046448,55.46231031417847,17.811900973320007
84.99999761581421,49.999998807907104,57.27746844291687,32.22238540649414
60.00000178813934,20.000000596046448,54.591429233551025,21.080435514450073
25.000001192092896,20.000000596046448,37.3869252204895,19.40762221813202
30.00000089406967,40.000001192092896,42.95623451471329,30.21833896636963
10.000000074505806,20.000000596046448,27.762386798858643,28.9110267162323
5.000000037252903,49.999998807907104,29.597449600696564,40.66381573677063
64.9999988079071,60.0,39.040692150592804,24.34211254119873
0.0,40.000001192092896,14.82615441083908,31.58084750175476
70.0000011920929,30.0,60.8013653755188,23.875558376312256
60.00000178813934,20.000000596046448,60.05556106567383,17.063124775886536
54.99999940395355,20.000000596046448,62.87868797779083,20.2835351228714
60.00000178813934,60.0,47.31929540634155,31.148064136505127
15.000000447034836,10.000000298023224,28.506597876548767,27.44825005531311
0.0,0.0,28.3819717168808,28.101149797439575
35.00000059604645,0.0,38.76000165939331,17.096527218818665
54.99999940395355,49.999998807907104,44.27657604217529,35.624048709869385
45.0,49.999998807907104,47.839837074279785,29.42919373512268
70.0000011920929,60.0,51.61026120185852,39.587295055389404
25.000001192092896,60.0,43.49589765071869,30.455989837646484
80.00000059604645,30.0,78.49396705627441,24.424045085906982
70.0000011920929,0.0,60.94896197319031,19.62020695209503
35.00000059604645,40.000001192092896,35.288051068782806,30.98855495452881
15.000000447034836,30.0,33.74277949333191,33.02499532699585
35.00000059604645,40.000001192092896,42.809447944164276,31.479392051696777
84.99999761581421,60.0,45.81921100616455,29.425485134124756
5.000000037252903,60.0,24.26963835954666,24.39175844192505
35.00000059604645,40.000001192092896,33.67796927690506,23.224634528160095
90.0,30.0,61.12045705318451,19.966857433319092
70.0000011920929,30.0,61.68530344963074,25.568207502365112
74.99999821186066,40.000001192092896,60.35184860229492,23.042138814926147
80.00000059604645,49.999998807907104,63.616236448287964,42.457687854766846
80.00000059604645,30.0,63.3031690120697,26.20052933692932
35.00000059604645,10.000000298023224,44.312134087085724,33.0168342590332
70.0000011920929,0.0,63.96416187286377,10.043860673904419
70.0000011920929,40.000001192092896,61.307594776153564,16.582943201065063
54.99999940395355,60.0,39.476516246795654,29.540371298789978
50.00000238418579,20.000000596046448,59.695351123809814,28.10483694076538
45.0,30.0,58.21772217750549,34.68503952026367
40.000000298023224,10.000000298023224,35.19251883029938,17.068628668785095
20.000000149011612,0.0,35.46978414058685,27.481319904327393
54.99999940395355,20.000000596046448,50.910778641700745,28.373000621795654
40.000000298023224,10.000000298023224,50.32356262207031,26.574295163154602
25.000001192092896,49.999998807907104,29.311866760253906,35.796929597854614
5.000000037252903,20.000000596046448,27.68130362033844,32.60810852050781
70.0000011920929,20.000000596046448,65.32183170318604,18.300066590309143
35.00000059604645,20.000000596046448,45.73135793209076,16.978799700737
15.000000447034836,60.0,12.487745583057404,41.4357590675354
50.00000238418579,30.0,61.727553606033325,25.74575364589691
70.0000011920929,60.0,22.302106618881226,25.948639512062073
15.000000447034836,0.0,41.99531704187393,38.22873115539551
15.000000447034836,49.999998807907104,13.259103298187256,35.11542320251465
5.000000037252903,60.0,19.11219298839569,32.111220359802246
40.000000298023224,40.000001192092896,39.926167130470276,31.274267435073853
54.99999940395355,20.000000596046448,41.86918616294861,21.724326610565186
60.00000178813934,49.999998807907104,56.64081394672394,36.09152555465698
25.000001192092896,10.000000298023224,39.10428196191788,31.912636756896973
10.000000074505806,20.000000596046448,20.15232816338539,26.185746788978577
50.00000238418579,30.0,54.32491421699524,23.732389211654663
50.00000238418579,49.999998807907104,56.54361605644226,24.418519735336304
10.000000074505806,40.000001192092896,32.71723955869675,33.57539176940918
15.000000447034836,60.0,40.689859092235565,27.267664074897766
40.000000298023224,49.999998807907104,42.819441854953766,39.02048349380493
74.99999821186066,30.0,46.24223291873932,23.53121817111969
80.00000059604645,49.999998807907104,60.08549451828003,40.635151863098145
35.00000059604645,20.000000596046448,61.14313244819641,37.4155855178833
20.000000149011612,49.999998807907104,25.613508224487305,38.19117307662964
35.00000059604645,30.0,40.10563373565674,24.437413215637207
50.00000238418579,10.000000298023224,45.50130486488342,22.87596344947815
60.00000178813934,20.000000596046448,53.62795829772949,24.86959934234619
64.9999988079071,40.000001192092896,59.01126980781555,34.79615807533264
70.0000011920929,30.0,56.47593855857849,19.291357398033142
74.99999821186066,0.0,59.34644401073456,32.18198776245117
90.0,40.000001192092896,50.26739180088043,26.528214812278748
40.000000298023224,20.000000596046448,50.06467580795288,29.29424285888672
10.000000074505806,10.000000298023224,29.44348007440567,28.51733386516571
60.00000178813934,20.000000596046448,62.76022553443909,9.851350486278534
60.00000178813934,10.000000298023224,51.017133593559265,12.28330671787262
40.000000298023224,10.000000298023224,47.3761260509491,25.60297966003418
54.99999940395355,49.999998807907104,43.85838210582733,23.68543267250061
90.0,30.0,49.11465883255005,29.97173309326172
45.0,0.0,34.3864506483078,23.05090069770813
20.000000149011612,0.0,48.3573853969574,26.507052183151245
50.00000238418579,40.000001192092896,41.9790655374527,24.431365728378296
54.99999940395355,30.0,51.939475536346436,23.805853128433228
70.0000011920929,49.999998807907104,58.09711933135986,33.87266278266907
45.0,10.000000298023224,50.54868042469025,31.246665716171265
15.000000447034836,20.000000596046448,13.205567747354507,29.35403287410736
30.00000089406967,20.000000596046448,41.318617165088654,29.174290895462036
40.000000298023224,0.0,42.00196087360382,22.836402654647827
50.00000238418579,20.000000596046448,48.5819935798645,32.41212844848633
80.00000059604645,30.0,45.983619689941406,30.872890949249268
45.0,30.0,39.0644109249115,28.31388831138611
74.99999821186066,40.000001192092896,47.971152663230896,15.612357258796692
35.00000059604645,0.0,23.543639481067657,26.01376175880432
54.99999940395355,30.0,47.6449316740036,32.531161308288574
90.0,30.0,65.97316861152649,24.958893656730652
35.00000059604645,40.000001192092896,41.55422508716583,34.64888334274292
30.00000089406967,40.000001192092896,49.3723064661026,44.92976188659668
54.99999940395355,60.0,34.31496173143387,42.54740595817566
5.000000037252903,49.999998807907104,9.95924860239029,29.603229761123657
70.0000011920929,20.000000596046448,58.86979937553406,18.188180923461914
84.99999761581421,60.0,52.7662718296051,41.2180495262146
90.0,10.000000298023224,63.618489503860474,15.162368416786194
35.00000059604645,49.999998807907104,37.23219931125641,36.5747594833374
40.000000298023224,20.000000596046448,43.65276128053665,24.6646249294281
84.99999761581421,0.0,65.02313017845154,10.548981428146362
60.00000178813934,20.000000596046448,44.791080057621,18.370047211647034
30.00000089406967,10.000000298023224,46.14850044250488,30.421382188796997
0.0,49.999998807907104,29.985173642635345,23.84381890296936
64.9999988079071,10.000000298023224,53.08922588825226,14.709200263023376
45.0,60.0,40.43066382408142,30.46417236328125
40.000000298023224,40.000001192092896,36.23947083950043,32.65374183654785
54.99999940395355,10.000000298023224,50.15632152557373,11.552159786224365
64.9999988079071,49.999998807907104,46.813876032829285,29.741710424423218
50.00000238418579,30.0,57.64732360839844,36.18477702140808
40.000000298023224,40.000001192092896,45.36207675933838,35.45595645904541
20.000000149011612,30.0,24.905673265457153,31.0943341255188
70.0000011920929,60.0,57.915523052215576,50.46926021575928
45.0,20.000000596046448,48.693493008613586,23.358519673347473
20.000000149011612,10.000000298023224,37.89138436317444,36.33236289024353
20.000000149011612,60.0,25.951179563999176,35.28223514556885
64.9999988079071,0.0,61.35258078575134,8.763976693153381
74.99999821186066,40.000001192092896,47.05420196056366,36.80973529815674
90.0,0.0,49.156731963157654,19.14919674396515
25.000001192092896,20.000000596046448,31.151274740695953,21.502697467803955
5.000000037252903,49.999998807907104,21.500692069530487,28.457250595092773
80.00000059604645,30.0,57.06449031829834,21.161248683929443
60.00000178813934,60.0,42.09956109523773,38.07340621948242
10.000000074505806,0.0,19.338198602199554,29.067578315734863
64.9999988079071,20.000000596046448,59.21508550643921,17.60624349117279
74.99999821186066,0.0,62.45146036148071,23.478580713272095
25.000001192092896,49.999998807907104,26.779625415802002,36.71304702758789
80.00000059604645,60.0,46.73111379146576,29.121435284614563
60.00000178813934,30.0,53.42459321022034,38.156704902648926
64.9999988079071,20.000000596046448,45.19568860530853,27.49106526374817
20.000000149011612,60.0,20.273621678352356,38.3265495300293
74.99999821186066,60.0,57.22224712371826,46.31828784942627
80.00000059604645,49.999998807907104,62.358537912368774,38.711514472961426
84.99999761581421,10.000000298023224,59.371511936187744,19.122594594955444
54.99999940395355,40.000001192092896,57.30460166931152,37.76880741119385
35.00000059604645,20.000000596046448,43.151054084300995,21.781822443008423
80.00000059604645,10.000000298023224,62.90673315525055,24.365655183792114
10.000000074505806,20.000000596046448,23.679726719856262,36.851216554641724
80.00000059604645,40.000001192092896,48.660834431648254,26.620792150497437
5.000000037252903,40.000001192092896,5.051031410694122,33.44301223754883
60.00000178813934,10.000000298023224,46.98052167892456,19.846733808517456
84.99999761581421,49.999998807907104,66.32222056388855,41.49507522583008
40.000000298023224,30.0,57.1483039855957,41.02794885635376
5.000000037252903,49.999998807907104,17.05531284213066,34.95396852493286
64.9999988079071,0.0,60.11187672615051,16.810871958732605
45.0,0.0,42.39407569169998,27.70418107509613
54.99999940395355,10.000000298023224,57.21987068653107,17.615443468093872
60.00000178813934,30.0,50.0569885969162,23.78382682800293
54.99999940395355,20.000000596046448,56.80048584938049,14.880885779857635
5.000000037252903,49.999998807907104,10.717832297086716,28.216938972473145
74.99999821186066,0.0,52.80272841453552,22.751625180244446
64.9999988079071,10.000000298023224,44.63714003562927,20.03336191177368
54.99999940395355,30.0,51.64768874645233,26.486157774925232
25.000001192092896,40.000001192092896,29.8530051112175,33.90976667404175
64.9999988079071,30.0,48.586891293525696,32.6071572303772
74.99999821186066,10.000000298023224,68.81368160247803,12.717197835445404
54.99999940395355,40.000001192092896,44.61847186088562,23.746415376663208
40.000000298023224,30.0,47.4227911233902,26.655099391937256
35.00000059604645,10.000000298023224,35.665274262428284,23.595734238624573
54.99999940395355,49.999998807907104,37.37221598625183,30.590676069259644
74.99999821186066,0.0,71.42545580863953,27.52589464187622
70.0000011920929,0.0,48.40179204940796,23.17143201828003
40.000000298023224,49.999998807907104,53.541526794433594,26.1691153049469
20.000000149011612,60.0,19.559344053268433,44.55739974975586
84.99999761581421,40.000001192092896,57.296796441078186,32.53098964691162
15.000000447034836,30.0,19.457053989171982,29.382553696632385
5.000000037252903,30.0,21.542079895734787,27.793461084365845
25.000001192092896,40.000001192092896,27.28728175163269,44.56352949142456
45.0,40.000001192092896,47.00474202632904,31.544644832611084
0.0,49.999998807907104,11.448486149311066,25.777060389518738
20.000000149011612,10.000000298023224,29.096447825431824,32.333242893218994
10.000000074505806,60.0,15.878865122795105,25.60051918029785
40.000000298023224,10.000000298023224,44.973188638687134,21.12768530845642
5.000000037252903,20.000000596046448,4.171843528747559,40.85915565490723
60.00000178813934,20.000000596046448,49.516282081604004,23.968791961669922
74.99999821186066,49.999998807907104,58.38855743408203,36.374831199645996
5.000000037252903,20.000000596046448,29.218952357769012,32.2211480140686
0.0,49.999998807907104,7.863528728485107,35.19752740859985
45.0,20.000000596046448,48.9271080493927,25.686060190200806
50.00000238418579,10.000000298023224,48.086535930633545,34.80264186859131
74.99999821186066,40.000001192092896,62.05494403839111,27.388468980789185
25.000001192092896,20.000000596046448,33.40446978807449,25.272080898284912
25.000001192092896,49.999998807907104,41.208185255527496,25.257854461669922
0.0,0.0,3.8236311078071594,35.548717975616455
70.0000011920929,40.000001192092896,56.67076349258423,30.926671028137207
35.00000059604645,0.0,38.44573795795441,29.803456664085388
0.0,10.000000298023224,13.695719987154007,30.19008994102478
5.000000037252903,30.0,10.38717895746231,35.17359495162964
0.0,40.000001192092896,17.875982969999313,30.450085401535034
50.00000238418579,40.000001192092896,35.52749454975128,32.241411209106445
54.99999940395355,40.000001192092896,41.47234797477722,22.343705892562866
50.00000238418579,49.999998807907104,50.568453669548035,35.14604330062866
5.000000037252903,0.0,21.672263592481613,36.360687017440796
5.000000037252903,0.0,12.660542875528336,32.27100133895874
25.000001192092896,40.000001192092896,27.988408505916595,31.345946788787842
54.99999940395355,20.000000596046448,33.92639547586441,35.52499294281006
20.000000149011612,49.999998807907104,22.341624945402145,36.468873023986816
20.000000149011612,30.0,32.94358849525452,27.947731018066406
90.0,0.0,66.81435227394104,10.225512385368347
20.000000149011612,0.0,26.487031280994415,26.518152952194214
0.0,49.999998807907104,10.709282755851746,31.05705499649048
60.00000178813934,0.0,55.43893754482269,16.103525161743164
64.9999988079071,40.000001192092896,55.999835729599,27.890299558639526
84.99999761581421,49.999998807907104,57.44218826293945,29.40394878387451
74.99999821186066,0.0,60.19876956939697,12.547033131122589
40.000000298023224,10.000000298023224,37.999820709228516,21.06677770614624
90.0,10.000000298023224,64.85390424728394,13.468181490898132
60.00000178813934,49.999998807907104,49.024600982666016,35.15876770019531
74.99999821186066,49.999998807907104,53.92407417297363,36.425485610961914
50.00000238418579,40.000001192092896,52.218157052993774,30.103543996810913
40.000000298023224,0.0,49.506985545158386,36.47796392440796
20.000000149011612,49.999998807907104,29.39102679491043,35.41945695877075
80.00000059604645,40.000001192092896,58.10442566871643,28.384387493133545
84.99999761581421,20.000000596046448,68.40286374092102,28.204452395439148
45.0,0.0,37.94404685497284,32.241318225860596
35.00000059604645,40.000001192092896,39.28507626056671,25.481457710266113
54.99999940395355,30.0,57.365509271621704,39.3523907661438
60.00000178813934,60.0,47.992374300956726,27.705094814300537
80.00000059604645,20.000000596046448,62.071863412857056,28.57409656047821
40.000000298023224,49.999998807907104,53.115752935409546,44.59357738494873
5.000000037252903,10.000000298023224,18.05431768298149,35.928189754486084
90.0,30.0,68.89580011367798,24.803407788276672
0.0,10.000000298023224,6.892944574356079,30.85458755493164
20.000000149011612,30.0,36.52498662471771,31.505995988845825
15.000000447034836,0.0,23.29073667526245,34.50596809387207
90.0,30.0,68.17159295082092,19.044116735458374
40.000000298023224,10.000000298023224,38.123285472393036,27.271488904953003
60.00000178813934,0.0,64.98837947845459,12.064197063446045
45.0,30.0,44.749476313591,31.01698637008667
20.000000149011612,30.0,17.967400699853897,32.544286251068115
15.000000447034836,0.0,24.35248374938965,35.25244474411011
70.0000011920929,40.000001192092896,51.295788288116455,24.11932110786438
25.000001192092896,0.0,29.450746178627014,32.17010736465454
70.0000011920929,49.999998807907104,60.583012104034424,21.61743700504303
80.00000059604645,40.000001192092896,57.10541009902954,35.71046590805054
30.00000089406967,49.999998807907104,40.716107189655304,33.132559061050415
5.000000037252903,40.000001192092896,8.811720460653305,38.91005516052246
35.00000059604645,49.999998807907104,47.68088936805725,29.741978645324707
64.9999988079071,0.0,46.84643268585205,13.994935154914856
45.0,20.000000596046448,55.082552433013916,33.81319284439087
0.0,49.999998807907104,12.74387240409851,33.440101146698
40.000000298023224,30.0,38.60003471374512,32.27114796638489
50.00000238418579,10.000000298023224,50.095070600509644,18.030821084976196
90.0,10.000000298023224,56.065083146095276,14.143422245979309
35.00000059604645,0.0,33.153337240219116,24.894644021987915
30.00000089406967,0.0,39.699077904224396,24.0657377243042
60.00000178813934,60.0,40.057530999183655,28.77864718437195
50.00000238418579,30.0,47.63579607009888,29.943902492523193
20.000000149011612,20.000000596046448,18.180994391441345,35.76740741729736
5.000000037252903,0.0,12.184285819530487,33.983319997787476
50.00000238418579,20.000000596046448,53.55762004852295,19.801039695739746
50.00000238418579,40.000001192092896,73.42726349830627,23.22121024131775
5.000000037252903,49.999998807907104,11.49904578924179,37.40656614303589
30.00000089406967,20.000000596046448,50.125744342803955,31.570487022399902
60.00000178813934,49.999998807907104,48.69016170501709,35.324227809906006
0.0,40.000001192092896,6.133957207202911,29.85934853553772
35.00000059604645,0.0,41.254815459251404,24.458338022232056
70.0000011920929,30.0,58.355517983436584,26.614995002746582
64.9999988079071,60.0,56.611937284469604,37.08400011062622
45.0,30.0,41.72426104545593,27.713202238082886
90.0,20.000000596046448,59.852410554885864,24.188876152038574
80.00000059604645,10.000000298023224,72.68657684326172,21.919326782226562
25.000001192092896,10.000000298023224,43.84214401245117,19.525728821754456
64.9999988079071,49.999998807907104,57.43469953536987,27.726765275001526
25.000001192092896,49.999998807907104,38.52931559085846,36.52929067611694
84.99999761581421,60.0,36.18541896343231,30.92513680458069
70.0000011920929,20.000000596046448,61.25358581542969,19.65115785598755
45.0,60.0,35.028560757637024,31.80854558944702
10.000000074505806,49.999998807907104,16.43315702676773,32.26716756820679
54.99999940395355,30.0,34.54596161842346,26.478888988494873
54.99999940395355,0.0,62.52026438713074,15.59973657131195
5.000000037252903,20.000000596046448,10.292965024709702,41.98533296585083
15.000000447034836,10.000000298023224,32.178112864494324,40.0480055809021
80.00000059604645,10.000000298023224,76.3399064540863,8.784646689891815
64.9999988079071,49.999998807907104,45.55708944797516,25.173929929733276
15.000000447034836,0.0,27.38267719745636,36.78067445755005
15.000000447034836,60.0,14.909791052341461,33.872973918914795
10.000000074505806,30.0,15.719253569841385,29.792193174362183
45.0,10.000000298023224,51.17857575416565,20.10112166404724
90.0,60.0,47.08494544029236,33.276554346084595
74.99999821186066,49.999998807907104,52.359992265701294,30.599305629730225
35.00000059604645,49.999998807907104,48.96013140678406,41.937854290008545
15.000000447034836,49.999998807907104,27.325200140476227,38.606404066085815
20.000000149011612,0.0,34.9557763338089,37.18644618988037
74.99999821186066,30.0,62.79156446456909,14.306695461273193
80.00000059604645,0.0,66.63469791412354,17.168936133384705
50.00000238418579,60.0,49.63468551635742,33.468979597091675
90.0,49.999998807907104,58.20979356765747,28.609251379966736
80.00000059604645,60.0,49.01450514793396,42.861506938934326
70.0000011920929,60.0,49.6696937084198,40.70805072784424
60.00000178813934,49.999998807907104,40.684124529361725,36.93130016326904
40.000000298023224,20.000000596046448,38.18853557109833,32.65381336212158
15.000000447034836,10.000000298023224,27.572346925735474,33.96162986755371
15.000000447034836,40.000001192092896,29.561762809753418,37.386027574539185
45.0,20.000000596046448,38.540666699409485,29.00752544403076
50.00000238418579,10.000000298023224,53.278852701187134,19.723541736602783
84.99999761581421,20.000000596046448,59.83612418174744,19.41067099571228
70.0000011920929,0.0,44.912122786045074,25.08501648902893
30.00000089406967,49.999998807907104,33.2621893286705,35.925021171569824
30.00000089406967,0.0,48.24596643447876,30.237725973129272
40.000000298023224,40.000001192092896,35.804051756858826,37.14718222618103
74.99999821186066,0.0,61.828662157058716,15.857861638069153
74.99999821186066,10.000000298023224,64.63769674301147,22.5997531414032
90.0,40.000001192092896,68.27144086360931,23.19339394569397
10.000000074505806,0.0,17.5422665476799,32.49653220176697
10.000000074505806,30.0,12.099238336086273,33.154456615448
80.00000059604645,0.0,58.70516538619995,18.965924978256226
30.00000089406967,30.0,57.932002544403076,26.89645528793335
40.000000298023224,40.000001192092896,39.915234446525574,28.019118905067444
45.0,40.000001192092896,56.37005567550659,33.524712324142456
30.00000089406967,20.000000596046448,32.59692907333374,14.375765919685364
74.99999821186066,49.999998807907104,58.945743441581726,27.13717818260193
60.00000178813934,49.999998807907104,41.757187843322754,39.30059194564819
54.99999940395355,49.999998807907104,58.31872344017029,37.58759021759033
25.000001192092896,10.000000298023224,45.97634017467499,22.340505123138428
0.0,30.0,12.004331052303314,31.523748636245728
20.000000149011612,30.0,39.08237099647522,32.170454263687134
10.000000074505806,20.000000596046448,19.680728763341904,34.783408641815186
20.000000149011612,0.0,27.129431068897247,34.17437553405762
25.000001192092896,40.000001192092896,37.412792444229126,26.182512044906616
64.9999988079071,40.000001192092896,64.31967258453369,39.6397340297699
64.9999988079071,49.999998807907104,53.52683901786804,36.995651721954346
35.00000059604645,10.000000298023224,39.18803662061691,16.635135412216187
0.0,30.0,2.0074108242988586,34.5838987827301
30.00000089406967,20.000000596046448,44.37247306108475,29.173375368118286
80.00000059604645,20.000000596046448,60.68240404129028,19.73426878452301
74.99999821186066,30.0,63.328038454055786,21.10674262046814
64.9999988079071,49.999998807907104,59.95936632156372,46.995978355407715
54.99999940395355,60.0,50.18172740936279,30.698912143707275
35.00000059604645,10.000000298023224,38.856875002384186,18.81632924079895
10.000000074505806,49.999998807907104,11.93641483783722,39.52182054519653
10.000000074505806,40.000001192092896,10.795977115631104,39.22740697860718
40.000000298023224,49.999998807907104,48.804112672805786,45.6280517578125
54.99999940395355,20.000000596046448,51.85568869113922,29.731562733650208
80.00000059604645,10.000000298023224,65.07519721984863,16.714235544204712
74.99999821186066,40.000001192092896,54.10244107246399,13.033160269260406
15.000000447034836,60.0,17.731363624334335,37.31836795806885
25.000001192092896,40.000001192092896,35.42297959327698,26.080675721168518
35.00000059604645,60.0,37.69235372543335,26.895350217819214
70.0000011920929,0.0,58.39110553264618,16.685714721679688
10.000000074505806,49.999998807907104,9.638263285160065,34.07137870788574
15.000000447034836,20.000000596046448,28.117634654045105,26.801490783691406
45.0,30.0,54.05350685119629,35.73602914810181
54.99999940395355,40.000001192092896,51.67138874530792,34.78370189666748
10.000000074505806,20.000000596046448,8.9799365401268,36.83523416519165
5.000000037252903,20.000000596046448,29.952678680419922,34.15300011634827
0.0,30.0,5.502929985523224,32.40168571472168
64.9999988079071,60.0,50.86345911026001,29.874991178512573
0.0,40.000001192092896,3.8995081186294556,31.412057876586914
5.000000037252903,20.000000596046448,21.095042824745178,33.93725395202637
20.000000149011612,40.000001192092896,31.31017416715622,30.593326091766357
0.0,60.0,-0.7080468535423279,37.03089237213135
74.99999821186066,20.000000596046448,55.364468693733215,21.652754545211792
54.99999940395355,10.000000298023224,43.129169940948486,22.755095958709717
30.00000089406967,0.0,43.75122249126434,30.0705885887146
25.000001192092896,20.000000596046448,33.069448471069336,20.355530977249146
20.000000149011612,40.000001192092896,30.018339157104492,37.13803768157959
15.000000447034836,49.999998807907104,25.58452159166336,36.082870960235596
60.00000178813934,49.999998807907104,52.11857199668884,34.439839124679565
60.00000178813934,10.000000298023224,62.67701268196106,19.197859168052673
40.000000298023224,49.999998807907104,43.48818898200989,41.12011671066284
25.000001192092896,0.0,31.220285296440125,30.288512706756592
35.00000059604645,30.0,47.13416397571564,34.78028655052185
40.000000298023224,60.0,30.993225574493408,30.961711406707764
5.000000037252903,49.999998807907104,13.534281849861145,37.0533013343811
5.000000037252903,0.0,14.924568682909012,34.048486948013306
15.000000447034836,20.000000596046448,50.50217628479004,33.16017150878906
54.99999940395355,30.0,57.161269783973694,38.38639855384827
70.0000011920929,60.0,51.342490911483765,44.68264102935791
35.00000059604645,10.000000298023224,49.04023289680481,29.00644361972809
45.0,49.999998807907104,41.42766773700714,27.93879747390747
70.0000011920929,20.000000596046448,57.60326027870178,18.2467120885849
84.99999761581421,40.000001192092896,63.82339954376221,20.212100744247437
35.00000059604645,20.000000596046448,48.04774045944214,34.1605281829834
74.99999821186066,60.0,53.825390338897705,42.99105763435364
30.00000089406967,10.000000298023224,48.47796678543091,41.91145420074463
15.000000447034836,30.0,30.029008984565735,37.52431869506836
84.99999761581421,49.999998807907104,53.614375591278076,33.28986167907715
5.000000037252903,20.000000596046448,16.737568974494934,30.287400484085083
30.00000089406967,0.0,46.999640464782715,31.06715440750122
40.000000298023224,0.0,52.84804701805115,26.394935846328735
74.99999821186066,10.000000298023224,65.93783855438232,22.930219173431396
54.99999940395355,49.999998807907104,51.28013491630554,27.711474895477295
10.000000074505806,30.0,23.43507170677185,34.30669069290161
15.000000447034836,10.000000298023224,20.87169259786606,35.35726189613342
30.00000089406967,60.0,42.5110924243927,39.381773471832275
10.000000074505806,49.999998807907104,23.5512113571167,39.29976224899292
30.00000089406967,20.000000596046448,51.2177038192749,39.663705825805664
40.000000298023224,0.0,62.09380388259888,36.02231025695801
0.0,10.000000298023224,11.049671173095703,32.40160346031189
0.0,40.000001192092896,6.610977351665497,30.54836869239807
25.000001192092896,49.999998807907104,22.877848148345947,32.01300859451294
90.0,20.000000596046448,44.20144200325012,23.59060764312744
10.000000074505806,40.000001192092896,9.609531462192535,41.42811298370361
84.99999761581421,60.0,57.75795936584473,44.41945552825928
74.99999821186066,40.000001192092896,60.12463331222534,31.59757375717163
25.000001192092896,49.999998807907104,26.693204641342163,31.590871810913086
84.99999761581421,10.000000298023224,72.25637197494507,21.48630917072296
54.99999940395355,10.000000298023224,57.665648460388184,25.960165858268738
10.000000074505806,49.999998807907104,26.914462745189667,40.78230857849121
80.00000059604645,0.0,56.04020297527313,14.941999912261963
70.0000011920929,20.000000596046448,59.76863980293274,24.61659014225006
80.00000059604645,40.000001192092896,54.28322732448578,28.73607337474823
84.99999761581421,40.000001192092896,59.92740511894226,27.956496477127075
60.00000178813934,30.0,57.71421790122986,30.653414726257324
20.000000149011612,20.000000596046448,48.78384590148926,39.455881118774414
5.000000037252903,30.0,18.525541573762894,32.581000328063965
74.99999821186066,0.0,67.40372478961945,12.046841382980347
50.00000238418579,30.0,52.27403283119202,28.753516674041748
70.0000011920929,49.999998807907104,54.95056629180908,39.6368408203125
15.000000447034836,49.999998807907104,40.9837943315506,43.915414810180664
70.0000011920929,20.000000596046448,63.1011825799942,30.072126388549805
60.00000178813934,10.000000298023224,65.39733052253723,9.30652767419815
60.00000178813934,30.0,58.64680051803589,31.788475513458252
70.0000011920929,10.000000298023224,62.09331572055817,17.45489001274109
20.000000149011612,10.000000298023224,35.51632583141327,25.54077386856079
10.000000074505806,49.999998807907104,24.730106592178345,34.03759002685547
35.00000059604645,0.0,55.74436068534851,28.902368545532227
74.99999821186066,10.000000298023224,68.73090863227844,20.32814919948578
50.00000238418579,0.0,50.363227128982544,28.705129623413086
30.00000089406967,49.999998807907104,33.43548148870468,34.80320692062378
0.0,49.999998807907104,5.607450306415558,34.25546407699585
64.9999988079071,0.0,64.98113214969635,18.195156455039978
64.9999988079071,20.000000596046448,60.995954275131226,28.880059719085693
25.000001192092896,30.0,47.913243770599365,32.30471134185791
20.000000149011612,40.000001192092896,30.11406719684601,32.47306823730469
15.000000447034836,20.000000596046448,21.659313887357712,32.90674567222595
5.000000037252903,60.0,8.663622289896011,41.130380630493164
15.000000447034836,0.0,21.336548924446106,34.79453802108765
50.00000238418579,10.000000298023224,55.5039381980896,32.77718782424927
25.000001192092896,60.0,25.678680539131165,35.289480686187744
74.99999821186066,60.0,62.925299406051636,38.04193139076233
10.000000074505806,30.0,16.21939167380333,32.04392910003662
80.00000059604645,0.0,66.89012467861176,7.099290490150452
20.000000149011612,60.0,18.406919538974762,32.30060577392578
15.000000447034836,60.0,33.82078617811203,36.95547580718994
5.000000037252903,20.000000596046448,24.534798860549927,40.11003255844116
80.00000059604645,49.999998807907104,58.91986012458801,39.06004786491394
25.000001192092896,20.000000596046448,28.81673902273178,28.349647521972656
50.00000238418579,49.999998807907104,44.89883780479431,28.833752274513245
25.000001192092896,20.000000596046448,40.23943305015564,27.3961079120636
20.000000149011612,20.000000596046448,35.29303193092346,36.3523006439209
5.000000037252903,10.000000298023224,18.347347676753998,37.396788597106934
50.00000238418579,20.000000596046448,47.976141571998596,16.779136061668396
70.0000011920929,20.000000596046448,69.1634738445282,16.73692524433136
20.000000149011612,40.000001192092896,30.591744482517242,28.402830362319946
25.000001192092896,30.0,47.14724242687225,42.118427753448486
0.0,30.0,20.291192829608917,37.609734535217285
35.00000059604645,40.000001192092896,46.26326143741608,35.36265850067139
40.000000298023224,40.000001192092896,40.98707735538483,36.43024206161499
84.99999761581421,40.000001192092896,59.183462262153625,24.730467796325684
20.000000149011612,40.000001192092896,36.639396250247955,42.04902648925781
30.00000089406967,20.000000596046448,43.78419756889343,35.66353440284729
15.000000447034836,10.000000298023224,50.687066316604614,34.77238655090332
45.0,30.0,48.53682518005371,27.340680956840515
35.00000059604645,20.000000596046448,34.19876039028168,22.812893986701965
84.99999761581421,20.000000596046448,53.268059492111206,22.004898190498352
30.00000089406967,30.0,38.8834422826767,34.58871245384216
90.0,60.0,41.141202449798584,29.10890221595764
0.0,0.0,18.369435667991638,29.22561764717102
25.000001192092896,10.000000298023224,45.45473098754883,22.936341762542725
15.000000447034836,30.0,36.51732087135315,35.02974271774292
0.0,49.999998807907104,14.195416867733002,31.44631862640381
5.000000037252903,20.000000596046448,14.535816013813019,32.66629457473755
20.000000149011612,49.999998807907104,26.325892210006714,37.867677211761475
25.000001192092896,20.000000596046448,41.90965265035629,35.7496976852417
90.0,10.000000298023224,46.23367667198181,26.33974313735962
74.99999821186066,30.0,64.53300476074219,23.614724278450012
20.000000149011612,60.0,19.036256968975067,42.22622036933899
64.9999988079071,40.000001192092896,59.04500663280487,32.87703037261963
10.000000074505806,40.000001192092896,29.119023978710175,32.372610569000244
90.0,20.000000596046448,74.04702544212341,20.872737765312195
40.000000298023224,49.999998807907104,59.6762216091156,37.31893301010132
70.0000011920929,10.000000298023224,63.45006823539734,23.739529252052307
74.99999821186066,40.000001192092896,64.59319353103638,12.929660975933075
45.0,60.0,44.53464210033417,30.34180998802185
5.000000037252903,10.000000298023224,15.782467871904373,29.009506702423096
64.9999988079071,10.000000298023224,60.810699462890625,25.883139967918396
70.0000011920929,60.0,51.58272564411163,42.306532859802246
84.99999761581421,30.0,57.925275564193726,32.06666707992554
80.00000059604645,49.999998807907104,58.02226960659027,41.841208934783936
60.00000178813934,20.000000596046448,43.98981839418411,18.180533051490784
45.0,60.0,35.71877896785736,38.01072835922241
15.000000447034836,30.0,19.401610046625137,31.108886003494263
20.000000149011612,20.000000596046448,36.13591343164444,36.24848127365112
10.000000074505806,40.000001192092896,33.696031272411346,49.80753421783447
45.0,10.000000298023224,55.91938018798828,16.28192961215973
80.00000059604645,49.999998807907104,57.03399896621704,36.25721454620361
54.99999940395355,60.0,40.32914221286774,35.01650333404541
0.0,49.999998807907104,5.508704781532288,34.75597143173218
70.0000011920929,40.000001192092896,57.625415325164795,40.73814868927002
50.00000238418579,10.000000298023224,49.84997034072876,27.166194319725037
35.00000059604645,49.999998807907104,48.21851134300232,40.77029228210449
5.000000037252903,0.0,11.678234785795212,40.38323163986206
90.0,40.000001192092896,45.93364477157593,28.236356377601624
35.00000059604645,20.000000596046448,35.16124963760376,34.96038794517517
5.000000037252903,10.000000298023224,9.769930243492126,38.8787841796875
54.99999940395355,49.999998807907104,58.60826253890991,32.57282495498657
74.99999821186066,30.0,55.51248908042908,18.512175679206848
64.9999988079071,30.0,60.39928078651428,30.07802724838257
54.99999940395355,60.0,37.878268361091614,41.41418695449829
15.000000447034836,60.0,12.335925847291946,34.40612554550171
0.0,30.0,9.36012089252472,26.50715410709381
20.000000149011612,40.000001192092896,20.616764724254608,47.31255054473877
70.0000011920929,49.999998807907104,54.2994225025177,26.36644184589386
90.0,0.0,59.51946258544922,19.477917551994324
0.0,40.000001192092896,13.985153138637543,31.422815322875977
74.99999821186066,30.0,59.15990710258484,21.865409016609192
0.0,20.000000596046448,16.503751426935196,33.52061748504639
0.0,30.0,16.13059312105179,31.581645011901855
10.000000074505806,30.0,30.462392270565033,40.266408920288086
60.00000178813934,40.000001192092896,66.77123844623566,25.183905959129333
54.99999940395355,0.0,48.9497834444046,23.453291058540344
45.0,60.0,39.36753273010254,34.39619064331055
40.000000298023224,0.0,42.644811272621155,26.412817239761353
45.0,10.000000298023224,53.289066553115845,22.337976694107056
30.00000089406967,49.999998807907104,45.58549404144287,44.48714017868042
25.000001192092896,10.000000298023224,38.27346235513687,38.102792501449585
15.000000447034836,20.000000596046448,23.484950065612793,34.01297092437744
80.00000059604645,0.0,47.361411452293396,12.011260986328125
45.0,0.0,54.444846510887146,39.03733491897583
35.00000059604645,20.000000596046448,45.3410804271698,34.34992074966431
35.00000059604645,49.999998807907104,39.04123663902283,37.11656928062439
15.000000447034836,40.000001192092896,25.26015132665634,33.38000535964966
64.9999988079071,40.000001192092896,58.788228034973145,35.76760411262512
70.0000011920929,49.999998807907104,61.05401873588562,35.66531538963318
74.99999821186066,10.000000298023224,62.38311767578125,25.113608837127686
0.0,0.0,10.47246515750885,31.359951496124268
5.000000037252903,0.0,36.091109812259674,33.22918653488159
25.000001192092896,60.0,22.83282458782196,36.36815786361694
50.00000238418579,60.0,33.77675235271454,38.168792724609375
80.00000059604645,49.999998807907104,59.70248579978943,39.95752573013306
74.99999821186066,40.000001192092896,56.54740333557129,31.94082498550415
0.0,10.000000298023224,22.02410638332367,34.31582450866699
40.000000298023224,10.000000298023224,61.27691566944122,22.634477019309998
84.99999761581421,49.999998807907104,67.74086236953735,29.186521768569946
5.000000037252903,0.0,14.640934467315674,34.71490144729614
64.9999988079071,60.0,38.04886758327484,22.41914391517639
25.000001192092896,0.0,35.940026342868805,36.1261510848999
50.00000238418579,0.0,36.31495088338852,23.705424070358276
70.0000011920929,49.999998807907104,60.137068033218384,28.80991280078888
15.000000447034836,40.000001192092896,19.381140768527985,39.434226751327515
50.00000238418579,49.999998807907104,49.501873254776,38.60551357269287
84.99999761581421,60.0,43.10160219669342,19.384447932243347
45.0,10.000000298023224,54.808409214019775,37.12944746017456
25.000001192092896,20.000000596046448,49.340967535972595,35.937312841415405
0.0,10.000000298023224,19.756696969270706,31.50212287902832
45.0,49.999998807907104,52.7649199962616,42.13637351989746
40.000000298023224,10.000000298023224,58.71699929237366,22.048022747039795
70.0000011920929,0.0,46.06173634529114,19.54428791999817
35.00000059604645,0.0,38.34782123565674,29.122050404548645
20.000000149011612,60.0,18.586415648460388,31.27310872077942
35.00000059604645,10.000000298023224,47.89235472679138,30.191466808319092
10.000000074505806,40.000001192092896,12.055193781852722,37.60132312774658
70.0000011920929,40.000001192092896,58.01605224609375,26.30740463733673
40.000000298023224,30.0,50.814610719680786,29.27223801612854
40.000000298023224,49.999998807907104,40.28684377670288,34.10194158554077
0.0,10.000000298023224,14.47372555732727,30.376871824264526
60.00000178813934,40.000001192092896,53.921799659729004,26.380677223205566
84.99999761581421,0.0,64.68210339546204,18.30493927001953
5.000000037252903,40.000001192092896,8.75898689031601,40.57667255401611
60.00000178813934,49.999998807907104,58.05995464324951,32.32493877410889
35.00000059604645,10.000000298023224,42.62966752052307,23.878514170646667
5.000000037252903,30.0,19.6687513589859,29.317633509635925
35.00000059604645,0.0,40.81777364015579,28.06317150592804
25.000001192092896,20.000000596046448,43.225337862968445,27.01231062412262
20.000000149011612,0.0,25.405985713005066,37.31932997703552
15.000000447034836,10.000000298023224,30.586768984794617,43.06448936462402
25.000001192092896,20.000000596046448,38.080453276634216,23.93091380596161
40.000000298023224,10.000000298023224,52.61379897594452,36.74680709838867
30.00000089406967,10.000000298023224,51.70215368270874,43.082098960876465
20.000000149011612,0.0,26.572620570659637,33.55441331863403
0.0,10.000000298023224,32.63761818408966,32.287466526031494
40.000000298023224,10.000000298023224,44.668774008750916,21.75137758255005
60.00000178813934,60.0,44.69739317893982,33.58787298202515
40.000000298023224,60.0,40.754417181015015,26.931522488594055
5.000000037252903,40.000001192092896,26.45853817462921,25.558476448059082
50.00000238418579,0.0,55.535298585891724,14.63936984539032
80.00000059604645,0.0,61.45400047302246,21.872257590293884
30.00000089406967,10.000000298023224,47.94739365577698,22.504645586013794
54.99999940395355,20.000000596046448,49.359206557273865,19.143601655960083
15.000000447034836,49.999998807907104,19.740816950798035,29.137415885925293
0.0,49.999998807907104,17.683212608098984,25.914058685302734
30.00000089406967,10.000000298023224,53.75793814659119,36.42805337905884
5.000000037252903,40.000001192092896,25.94071090221405,22.910131216049194
25.000001192092896,60.0,28.31251323223114,26.152308583259583
70.0000011920929,49.999998807907104,57.80184030532837,30.77926754951477
50.00000238418579,20.000000596046448,43.19490820169449,21.471165418624878
15.000000447034836,49.999998807907104,30.669791400432587,30.13826608657837
80.00000059604645,10.000000298023224,43.63140821456909,23.664307594299316
45.0,0.0,55.607900619506836,13.036787509918213
70.0000011920929,10.000000298023224,53.18156361579895,12.760319709777832
40.000000298023224,0.0,50.5959677696228,26.696934700012207
60.00000178813934,10.000000298023224,64.72864508628845,14.308811724185944
80.00000059604645,49.999998807907104,55.20772576332092,16.932649612426758
90.0,60.0,46.739970445632935,34.971764087677
50.00000238418579,40.000001192092896,48.37130069732666,31.488003730773926
54.99999940395355,60.0,45.137972831726074,23.80647897720337
80.00000059604645,10.000000298023224,52.97274827957153,29.25343930721283
40.000000298023224,49.999998807907104,41.36703908443451,31.196730136871338
40.000000298023224,20.000000596046448,53.516507148742676,27.852187156677246
15.000000447034836,60.0,28.761895895004272,26.147398352622986
45.0,40.000001192092896,42.047936618328094,17.49027907848358
84.99999761581421,40.000001192092896,48.7498140335083,24.835662245750427
45.0,60.0,42.29827523231506,20.525330901145935
25.000001192092896,0.0,33.80330890417099,26.651769876480103
25.000001192092896,60.0,38.03980439901352,23.71502459049225
40.000000298023224,40.000001192092896,42.7851739525795,30.402560234069824
50.00000238418579,20.000000596046448,46.88336133956909,21.261266469955444
74.99999821186066,49.999998807907104,54.014132022857666,24.322561025619507
60.00000178813934,20.000000596046448,46.77520930767059,24.00795042514801
35.00000059604645,40.000001192092896,42.74451434612274,30.127379894256592
0.0,10.000000298023224,12.841689884662628,27.117313742637634
74.99999821186066,49.999998807907104,44.23822581768036,33.71968746185303
54.99999940395355,49.999998807907104,46.9717937707901,29.169552326202393
35.00000059604645,0.0,41.72280728816986,31.593446731567383
70.0000011920929,40.000001192092896,54.093530774116516,21.186164617538452
70.0000011920929,20.000000596046448,58.05120527744293,27.59748101234436
10.000000074505806,30.0,20.589395463466644,24.58831250667572
70.0000011920929,49.999998807907104,54.411184787750244,29.43450629711151
50.00000238418579,40.000001192092896,52.92733311653137,31.818208694458008
10.000000074505806,40.000001192092896,24.189008474349976,29.83510673046112
45.0,49.999998807907104,46.29732549190521,32.508426904678345
54.99999940395355,10.000000298023224,54.38205063343048,15.109280347824097
35.00000059604645,40.000001192092896,38.38667571544647,27.12975561618805
64.9999988079071,20.000000596046448,54.70189332962036,24.98387575149536
40.000000298023224,60.0,41.77442908287048,25.74250817298889
30.00000089406967,30.0,54.164979457855225,17.833635807037354
15.000000447034836,40.000001192092896,30.45008361339569,30.306612253189087
84.99999761581421,20.000000596046448,63.22229504585266,16.004011631011963
84.99999761581421,0.0,51.06398105621338,10.095385909080505
54.99999940395355,10.000000298023224,48.65719735622406,24.501514434814453
50.00000238418579,0.0,40.82266062498093,24.67399299144745
15.000000447034836,0.0,36.40803426504135,28.594563603401184
20.000000149011612,60.0,46.87496602535248,31.375243663787842
80.00000059604645,20.000000596046448,49.03027653694153,20.567171573638916
90.0,40.000001192092896,56.942519545555115,26.89348340034485
60.00000178813934,0.0,45.60047149658203,11.680738627910614
35.00000059604645,10.000000298023224,52.71483778953552,23.265804648399353
45.0,49.999998807907104,42.829320430755615,23.250780701637268
90.0,49.999998807907104,59.231908321380615,24.412955045700073
64.9999988079071,0.0,62.273662090301514,16.28046691417694
35.00000059604645,60.0,54.43677842617035,26.178982257843018
64.9999988079071,49.999998807907104,52.366697788238525,21.38018488883972
90.0,30.0,55.37909746170044,25.41945219039917
70.0000011920929,0.0,51.92979276180267,12.327870726585388
74.99999821186066,60.0,45.878530740737915,30.229060649871826
35.00000059604645,49.999998807907104,41.061119735240936,25.76539635658264
25.000001192092896,0.0,39.14880394935608,23.990923762321472
0.0,30.0,27.1288999915123,22.40748167037964
5.000000037252903,49.999998807907104,23.67306411266327,30.498318672180176
30.00000089406967,10.000000298023224,46.81802272796631,29.945157766342163
70.0000011920929,30.0,48.44519555568695,26.225831508636475
70.0000011920929,20.000000596046448,47.30695188045502,30.759912729263306
60.00000178813934,30.0,53.73581528663635,15.682899355888367
35.00000059604645,20.000000596046448,44.02919054031372,29.97277021408081
20.000000149011612,0.0,45.48772215843201,21.562421321868896
0.0,10.000000298023224,23.2592636346817,24.080888628959656
50.00000238418579,20.000000596046448,50.67067265510559,15.773992538452148
64.9999988079071,20.000000596046448,57.169203758239746,20.76920449733734
45.0,60.0,48.22721779346466,25.968884825706482
25.000001192092896,10.000000298023224,35.59091806411743,23.776166439056396
30.00000089406967,20.000000596046448,39.80238854885101,27.395136952400208
90.0,0.0,47.64179348945618,24.922977089881897
0.0,20.000000596046448,15.69941058754921,25.903290510177612
0.0,30.0,19.671070128679276,23.190414905548096
70.0000011920929,60.0,39.90507960319519,22.111539244651794
40.000000298023224,60.0,44.11165773868561,15.679750442504883
80.00000059604645,60.0,43.918753266334534,17.34805941581726
64.9999988079071,49.999998807907104,34.92473781108856,27.248756289482117
15.000000447034836,20.000000596046448,42.764421701431274,20.932663679122925
5.000000037252903,20.000000596046448,21.27885863184929,36.853201389312744
84.99999761581421,10.000000298023224,54.745522141456604,21.76092803478241
50.00000238418579,40.000001192092896,57.367005944252014,27.566159963607788
25.000001192092896,0.0,50.69395959377289,30.98371982574463
74.99999821186066,40.000001192092896,59.758758544921875,15.277047157287598
10.000000074505806,49.999998807907104,27.081094980239868,23.26014518737793
35.00000059604645,30.0,44.98332738876343,30.057839155197144
40.000000298023224,10.000000298023224,51.53261661529541,33.13279867172241
54.99999940395355,60.0,51.631375551223755,21.189862489700317
90.0,40.000001192092896,53.538511991500854,17.955526113510132
54.99999940395355,30.0,45.71977615356445,22.03770160675049
54.99999940395355,20.000000596046448,45.24168848991394,14.546725451946259
70.0000011920929,0.0,43.362130522727966,30.043702125549316
10.000000074505806,60.0,26.855051815509796,25.668554306030273
80.00000059604645,20.000000596046448,59.99281346797943,16.203871965408325
64.9999988079071,30.0,46.34981632232666,20.34170150756836
54.99999940395355,30.0,49.42147135734558,17.94417142868042
90.0,60.0,35.76331436634064,23.604140281677246
15.000000447034836,30.0,34.48153764009476,24.682012796401978
80.00000059604645,30.0,50.68787097930908,21.521242260932922
0.0,30.0,14.102110862731934,31.84468388557434
15.000000447034836,49.999998807907104,28.72374951839447,20.827220678329468
0.0,60.0,17.94995829463005,24.613813161849976
25.000001192092896,49.999998807907104,41.39224112033844,17.96987771987915
35.00000059604645,20.000000596046448,43.28920662403107,29.71453070640564
20.000000149011612,40.000001192092896,43.33163380622864,22.56198763847351
20.000000149011612,49.999998807907104,38.6041384935379,25.563039779663086
80.00000059604645,49.999998807907104,43.388598561286926,17.802112698554993
30.00000089406967,60.0,41.30231738090515,22.339215874671936
84.99999761581421,60.0,40.91310739517212,24.927420616149902
74.99999821186066,0.0,41.92099303007126,16.35713517665863
64.9999988079071,20.000000596046448,56.249860525131226,20.645150542259216
80.00000059604645,20.000000596046448,49.35805857181549,16.449785828590393
5.000000037252903,30.0,19.305261075496674,30.627222061157227
40.000000298023224,10.000000298023224,43.6325803399086,18.36688756942749
50.00000238418579,40.000001192092896,43.13602834939957,21.723475456237793
30.00000089406967,49.999998807907104,37.628702223300934,18.421345353126526
15.000000447034836,20.000000596046448,26.938830614089966,22.407447695732117
10.000000074505806,10.000000298023224,33.01813781261444,21.56489074230194
5.000000037252903,0.0,23.355638086795807,29.181779623031616
5.000000037252903,60.0,23.415700793266296,28.953731060028076
74.99999821186066,0.0,52.80530333518982,8.956698775291443
54.99999940395355,49.999998807907104,38.02129715681076,23.568010926246643
10.000000074505806,30.0,23.040953278541565,32.042555809020996
40.000000298023224,60.0,33.854278922080994,23.426735401153564
15.000000447034836,30.0,29.15349304676056,24.17069435119629
0.0,30.0,15.088448971509933,29.01906967163086
45.0,20.000000596046448,38.41276824474335,19.03521180152893
74.99999821186066,49.999998807907104,46.77870690822601,17.63323724269867
5.000000037252903,60.0,19.14261057972908,25.84335744380951
90.0,0.0,47.38570690155029,16.182695031166077
35.00000059604645,49.999998807907104,44.69259738922119,27.52519190311432
40.000000298023224,49.999998807907104,47.71261990070343,28.472355008125305
64.9999988079071,0.0,42.358147501945496,14.9195596575737
5.000000037252903,40.000001192092896,27.7952840924263,29.781299829483032
54.99999940395355,10.000000298023224,54.07645583152771,21.530145406723022
45.0,0.0,33.00566017627716,19.81217622756958
30.00000089406967,60.0,35.399789214134216,23.745081424713135
10.000000074505806,49.999998807907104,28.47160577774048,22.786552906036377
20.000000149011612,10.000000298023224,46.72827064990997,22.99353003501892
10.000000074505806,60.0,18.347369134426117,30.87803363800049
20.000000149011612,40.000001192092896,34.193336963653564,21.236268281936646
54.99999940395355,49.999998807907104,39.6638497710228,21.77852511405945
10.000000074505806,20.000000596046448,33.3495032787323,22.471450567245483
54.99999940395355,30.0,47.66115367412567,21.8778133392334
15.000000447034836,20.000000596046448,28.36929827928543,23.41128945350647
45.0,30.0,41.13660782575607,21.012468338012695
80.00000059604645,0.0,51.07772469520569,8.9380744099617
74.99999821186066,20.000000596046448,56.271581053733826,17.759225964546204
70.0000011920929,30.0,42.46580332517624,19.539400935173035
35.00000059604645,30.0,39.31055188179016,23.7518048286438
80.00000059604645,0.0,49.00792837142944,16.034472584724426
70.0000011920929,30.0,36.7606857419014,28.310206532478333
45.0,30.0,38.65666151046753,21.765487790107727
54.99999940395355,0.0,52.203887701034546,17.954766154289246
74.99999821186066,49.999998807907104,53.66549849510193,16.251243352890015
30.00000089406967,10.000000298023224,44.55576717853546,29.201195240020752
20.000000149011612,30.0,38.68778318166733,22.375100255012512
50.00000238418579,60.0,46.9129353761673,20.514614582061768
90.0,40.000001192092896,47.61455833911896,23.2615327835083
70.0000011920929,40.000001192092896,53.904038071632385,25.249414443969727
54.99999940395355,20.000000596046448,32.75297462940216,27.253228425979614
30.00000089406967,0.0,34.72955882549286,22.546473741531372
0.0,30.0,13.221619427204132,27.530102133750916
20.000000149011612,49.999998807907104,36.50738060474396,24.061925411224365
40.000000298023224,49.999998807907104,43.98383438587189,24.048346281051636
5.000000037252903,60.0,12.404811680316925,36.34317398071289
74.99999821186066,0.0,51.9743549823761,13.856487572193146
50.00000238418579,40.000001192092896,46.77180290222168,30.320677757263184
5.000000037252903,30.0,19.391097128391266,29.59956407546997
35.00000059604645,30.0,37.10923612117767,21.90116286277771
50.00000238418579,40.000001192092896,39.29118633270264,21.922736763954163
50.00000238418579,60.0,40.058797001838684,17.478944063186646
25.000001192092896,60.0,41.16185814142227,19.012480974197388
80.00000059604645,49.999998807907104,49.98696684837341,13.89251857995987
40.000000298023224,30.0,38.57173204421997,17.942002415657043
25.000001192092896,10.000000298023224,43.641546964645386,21.19030237197876
5.000000037252903,30.0,15.058862864971161,28.100684881210327
10.000000074505806,30.0,28.843032717704773,24.576698541641235
20.000000149011612,49.999998807907104,36.16748571395874,22.108068466186523
80.00000059604645,20.000000596046448,47.976651191711426,19.418769478797913
50.00000238418579,30.0,49.61423635482788,24.7401362657547
35.00000059604645,10.000000298023224,35.90880811214447,17.214247584342957
20.000000149011612,30.0,33.33971858024597,26.762731075286865
90.0,20.000000596046448,39.99152183532715,21.37510657310486
60.00000178813934,30.0,45.210102796554565,20.44163167476654
40.000000298023224,20.000000596046448,39.809839725494385,17.138198018074036
74.99999821186066,30.0,51.92229866981506,18.93033742904663
40.000000298023224,0.0,31.783597469329834,20.867539644241333
20.000000149011612,49.999998807907104,30.71038395166397,22.103952169418335
5.000000037252903,20.000000596046448,16.74169957637787,36.41953468322754
40.000000298023224,10.000000298023224,42.47184097766876,21.54775857925415
30.00000089406967,49.999998807907104,42.37348437309265,21.250396370887756
25.000001192092896,60.0,33.31314593553543,26.483956575393677
35.00000059604645,20.000000596046448,41.54675781726837,19.454516172409058
20.000000149011612,49.999998807907104,35.55486649274826,23.923426866531372
15.000000447034836,10.000000298023224,29.45750802755356,23.283339142799377
80.00000059604645,0.0,36.904548704624176,19.866769909858704
35.00000059604645,30.0,38.242193162441254,16.038590669631958
40.000000298023224,49.999998807907104,42.80813902616501,23.673266172409058
40.000000298023224,10.000000298023224,51.175222992897034,16.380770802497864
70.0000011920929,60.0,44.049307107925415,21.956081986427307
70.0000011920929,49.999998807907104,37.948496639728546,25.805253982543945
5.000000037252903,49.999998807907104,13.887560963630676,30.037686824798584
45.0,30.0,43.165433406829834,18.00046741962433
25.000001192092896,49.999998807907104,35.672883689403534,21.51724934577942
30.00000089406967,60.0,36.729802787303925,20.939422845840454
74.99999821186066,40.000001192092896,44.8888224363327,23.26839566230774
0.0,30.0,18.150319308042526,25.84125280380249
35.00000059604645,40.000001192092896,41.58930569887161,23.152758479118347
90.0,49.999998807907104,51.58299922943115,25.551347136497498
45.0,20.000000596046448,39.35253918170929,17.63645052909851
54.99999940395355,60.0,47.93877303600311,22.8652024269104
54.99999940395355,10.000000298023224,29.994848370552063,26.462852954864502
45.0,60.0,43.105019330978394,25.75557231903076
0.0,20.000000596046448,8.978854268789291,32.73468732833862
0.0,49.999998807907104,18.55076774954796,28.31910252571106
25.000001192092896,10.000000298023224,41.929224729537964,14.608052372932434
64.9999988079071,30.0,28.361393809318542,22.163270115852356
64.9999988079071,40.000001192092896,31.899257004261017,22.793408632278442
5.000000037252903,60.0,22.16383069753647,32.469778060913086
54.99999940395355,40.000001192092896,42.18600332736969,18.220444321632385
10.000000074505806,0.0,18.986615985631943,30.10629415512085
25.000001192092896,10.000000298023224,43.773903250694275,15.246918797492981
40.000000298023224,30.0,55.22847533226013,21.553775668144226
60.00000178813934,0.0,40.86333632469177,12.7255180478096
74.99999821186066,49.999998807907104,52.35343158245087,24.607397317886353
84.99999761581421,30.0,56.629661321640015,21.123061180114746
64.9999988079071,10.000000298023224,34.37147855758667,18.407025933265686
80.00000059604645,49.999998807907104,53.25794219970703,22.20921814441681
74.99999821186066,60.0,45.26375234127045,18.199743032455444
45.0,0.0,51.53444051742554,16.466771364212036
40.000000298023224,40.000001192092896,34.236410558223724,22.613441348075867
25.000001192092896,30.0,47.99079716205597,21.03744685649872
10.000000074505806,0.0,28.129307627677917,27.000092267990112
5.000000037252903,10.000000298023224,25.510310232639313,33.016862869262695
74.99999821186066,30.0,42.75848865509033,16.441408395767212
74.99999821186066,60.0,37.761450111866,25.186264514923096
30.00000089406967,20.000000596046448,35.56744337081909,14.18137013912201
30.00000089406967,49.999998807907104,51.719040870666504,27.361251711845398
25.000001192092896,40.000001192092896,52.13534653186798,33.71588945388794
35.00000059604645,60.0,48.808414936065674,30.848246812820435
84.99999761581421,0.0,34.11959230899811,16.167020201683044
80.00000059604645,0.0,45.622610449790955,14.884971678256989
50.00000238418579,60.0,50.4180783033371,27.777507305145264
50.00000238418579,40.000001192092896,49.95627164840698,23.336491584777832
84.99999761581421,49.999998807907104,50.59625208377838,19.349289536476135
80.00000059604645,0.0,49.052056074142456,23.839645385742188
74.99999821186066,10.000000298023224,40.97859889268875,21.89016044139862
80.00000059604645,60.0,55.61328113079071,28.891473412513733
60.00000178813934,60.0,45.474547147750854,32.29757308959961
10.000000074505806,60.0,20.119100958108902,28.516761660575867
0.0,49.999998807907104,18.041439056396484,25.57861626148224
25.000001192092896,30.0,53.46403241157532,24.436962604522705
54.99999940395355,0.0,54.57733690738678,9.787533581256866
64.9999988079071,0.0,47.55862891674042,9.45760041475296
60.00000178813934,20.000000596046448,31.500120162963867,21.690012216567993
30.00000089406967,60.0,37.53235995769501,25.03983736038208
84.99999761581421,30.0,28.535576462745667,27.269335985183716
60.00000178813934,10.000000298023224,49.22374963760376,15.042588114738464
15.000000447034836,20.000000596046448,25.277574956417084,28.09030294418335
40.000000298023224,30.0,56.14542603492737,18.611243963241577
64.9999988079071,20.000000596046448,50.137197375297546,15.40625810623169
70.0000011920929,10.000000298023224,48.89522194862366,18.149571418762207
15.000000447034836,30.0,31.77112251520157,30.410492420196533
54.99999940395355,20.000000596046448,45.056589245796204,15.967769622802734
60.00000178813934,10.000000298023224,45.974929332733154,11.642661094665527
74.99999821186066,30.0,55.085309743881226,15.616791844367981
25.000001192092896,60.0,33.2040336728096,20.32365381717682
90.0,20.000000596046448,57.49817132949829,13.761783242225647
25.000001192092896,40.000001192092896,43.15512299537659,25.137526988983154
84.99999761581421,20.000000596046448,53.31815779209137,21.431000232696533
5.000000037252903,30.0,22.479456961154938,33.314634561538696
0.0,0.0,10.084786713123322,28.636202216148376
10.000000074505806,49.999998807907104,22.451379597187042,29.606314301490784
74.99999821186066,40.000001192092896,44.76083546876907,24.23813045024872
74.99999821186066,0.0,44.85501050949097,13.343094885349274
25.000001192092896,0.0,39.55926239490509,23.363009691238403
54.99999940395355,60.0,47.841811180114746,24.230262637138367
5.000000037252903,40.000001192092896,8.358645737171173,39.44193363189697
60.00000178813934,60.0,56.76337480545044,29.01682734489441
84.99999761581421,40.000001192092896,51.1243200302124,19.412407279014587
54.99999940395355,30.0,46.05686545372009,18.296066522598267
70.0000011920929,30.0,25.891607701778412,24.358248710632324
30.00000089406967,20.000000596046448,48.434568643569946,30.877994298934937
10.000000074505806,0.0,19.23812136054039,31.166871786117554
15.000000447034836,40.000001192092896,27.242048978805542,21.93876028060913
70.0000011920929,0.0,60.28674602508545,4.505174160003662
30.00000089406967,60.0,31.813201010227203,29.83417510986328
15.000000447034836,60.0,10.8040452003479,36.608498096466064
40.000000298023224,20.000000596046448,44.59169536828995,21.935434341430664
45.0,10.000000298023224,32.307384610176086,17.994883060455322
74.99999821186066,49.999998807907104,52.55457580089569,21.395593285560608
5.000000037252903,30.0,18.922061920166016,34.52295541763306
25.000001192092896,49.999998807907104,39.540916085243225,29.623364210128784
60.00000178813934,10.000000298023224,47.65299439430237,11.673509180545807
80.00000059604645,40.000001192092896,55.89625954627991,13.789624571800232
64.9999988079071,49.999998807907104,37.913957834243774,26.25141441822052
5.000000037252903,20.000000596046448,18.72914806008339,24.15988326072693
15.000000447034836,40.000001192092896,28.451161980628967,25.822792053222656
70.0000011920929,40.000001192092896,50.35904824733734,17.576422691345215
84.99999761581421,10.000000298023224,45.99447190761566,21.377572417259216
40.000000298023224,30.0,42.56316214799881,13.619200587272644
54.99999940395355,10.000000298023224,46.035804748535156,22.9458886384964
90.0,30.0,54.849382638931274,14.877777099609375
74.99999821186066,40.000001192092896,53.98635506629944,15.082138180732727
45.0,30.0,37.7267986536026,13.632633090019226
30.00000089406967,60.0,36.971129179000854,26.5841406583786
10.000000074505806,49.999998807907104,27.5691819190979,22.627519369125366
60.00000178813934,30.0,43.12737822532654,16.077255606651306
5.000000037252903,20.000000596046448,19.449411034584045,26.16830885410309
0.0,0.0,11.299819350242615,30.35635471343994
0.0,40.000001192092896,13.533608615398407,28.107651472091675
0.0,10.000000298023224,12.002236247062683,31.65776252746582
5.000000037252903,10.000000298023224,23.388607800006866,27.37457513809204
54.99999940395355,10.000000298023224,44.64114725589752,23.051068782806396
90.0,30.0,48.97359609603882,25.6539648771286
40.000000298023224,10.000000298023224,48.50762128829956,28.569570779800415
